NAME,PRICE,CUSINE_CATEGORY,CITY,REGION,CUSINE TYPE,RATING_TYPE,RATING,VOTES
The Graduate Restaurant,800,"North Indian,Chinese,South Indian",Aurangabad,Nirala Bazar,Casual Dining,Good,3.9,155
Amigos Kitchen,500,"North Indian,Chinese,Continental",Aurangabad,CIDCO,Casual Dining,Very Good,4.4,622
SNT Tahari House,400,Maharashtrian,Aurangabad,Shahgunj,Quick Bites,Very Good,4.4,382
Kef Lounge,500,"North Indian,Chinese,Thai",Aurangabad,Usmanpura,Casual Dining,Excellent,4.6,256
KFC,400,"Burger,Fast Food",Aurangabad,Prozone Mall-- Chicalthana,Quick Bites,Very Good,4.3,439
Great Sagar Restaurant,600,"North Indian,Mughlai,Kebab,Biryani",Aurangabad,Shahgunj,Casual Dining,Very Good,4.2,458
Yalla Yalla,500,"North Indian,Hyderabadi,Biryani",Aurangabad,Usmanpura,Quick Bites,Very Good,4.2,577
Saurabh Restaurant,350,"North Indian,Mughlai,Biryani,South Indian,Chinese",Aurangabad,MIDC,Casual Dining,Excellent,4.6,357
Bhoj Restaurant,450,North Indian,Aurangabad,Nirala Bazar,Casual Dining,Excellent,4.6,528
Sagar Restaurant,600,North Indian,Aurangabad,Shahgunj,Casual Dining,Very Good,4.0,281
Domino's Pizza,700,"Pizza,Fast Food",Aurangabad,Nirala Bazar,Quick Bites,Average,2.6,511
Smile Veg Restaurant,400,"North Indian,South Indian,Fast Food,Chinese",Aurangabad,Nirala Bazar,Quick Bites,Very Good,4.3,389
Koyla Dum Biryanis & Kebabs,500,Biryani,Aurangabad,CIDCO,none,Average,2.7,488
Pizza Hut,750,"Pizza,Fast Food",Aurangabad,Prozone Mall-- Chicalthana,Quick Bites,Very Good,4.0,434
Gayatri Mewad,400,Maharashtrian,Aurangabad,Nirala Bazar,Casual Dining,Excellent,4.5,330
KC Foods & Parcels,150,"North Indian,Maharashtrian",Aurangabad,Ulkanagari,none,Good,3.7,52
UR'S Pizza,400,"Pizza,Fast Food",Aurangabad,Waluj,Quick Bites,Average,3.1,35
VIP Maratha,200,"Fast Food,North Indian",Aurangabad,MIDC,Quick Bites,Good,3.6,20
Prem Pani Puri,100,Street Food,Aurangabad,CIDCO,Quick Bites,Good,3.5,22
Charminar,450,North Indian,Aurangabad,CIDCO,Quick Bites,Good,3.7,35
Hotel Nitin Maratha,300,"North Indian,Maharashtrian",Aurangabad,Gadia Vihar,Quick Bites,Average,3.1,6
Veggiegrill,250,Fast Food,Aurangabad,CIDCO,Quick Bites,Very Good,4.0,47
AR Diet Cafe,200,"Cafe,Healthy Food",Aurangabad,Akashwani,Café,Good,3.7,20
Jai Bhawani Family Restaurant,500,"North Indian,Maharashtrian",Aurangabad,Waluj,Casual Dining,Very Good,4.2,51
Shree Krishna Foodie Pure Veg,300,Fast Food,Aurangabad,Akashwani,Quick Bites,Good,3.6,45
Khalsa Punjabi Hotel,250,North Indian,Aurangabad,Nirala Bazar,Casual Dining,Average,3.0,52
Maharashtra Darbar,500,Maharashtrian,Aurangabad,Hotel Green Olive-- Nirala Bazar,Casual Dining,Not rated,-,-
Anshu's Food Corner,250,"Fast Food,Street Food",Aurangabad,Ulkanagari,Quick Bites,Good,3.6,33
New Punjab Hindu Hotel,400,North Indian,Aurangabad,MIDC,Quick Bites,Good,3.9,53
Tom & Jerry Cafe,350,Cafe,Aurangabad,CIDCO,Café,Good,3.6,34
Blackstone Cafe & Lounge,500,Cafe,Aurangabad,Usmanpura,Café,Good,3.8,39
Revelry -The Cake House,300,"Bakery,Desserts",Aurangabad,Ulkanagari,Bakery,Average,3.4,13
Hotel Delhi Darbar,500,North Indian,Aurangabad,Gadia Vihar,Quick Bites,Good,3.5,42
Cake 'n' Bake,200,Bakery,Aurangabad,CIDCO,Bakery,Good,3.5,42
Chilli- The Skycourt Hotel,500,"North Indian,South Indian,Continental",Aurangabad,The Skycourt Hotel,Casual Dining,Average,3.4,13
Lucky Sagar,200,Biryani,Aurangabad,Gadia Vihar,Quick Bites,Good,3.8,32
Green Tahari House,400,"Biryani,Chinese",Aurangabad,Shahgunj,Quick Bites,Good,3.6,31
Blue Nile,400,North Indian,Aurangabad,Nirala Bazar,Quick Bites,Good,3.7,47
Queen's Ice Cream,300,Ice Cream,Aurangabad,Vedant Nagar,Dessert Parlor,Good,3.7,19
Cafe Creme,350,"Fast Food,Desserts,Beverages",Aurangabad,Usmanpura,Quick Bites,Average,3.4,26
Cafe Durga,250,Cafe,Aurangabad,Nirala Bazar,Café,Average,2.7,22
Backstreet Cafe,400,Continental,Aurangabad,Nirala Bazar,Quick Bites,Good,3.7,17
Manbhavan Premium Thali Restaurant,500,North Indian,Aurangabad,Ulkanagari,Casual Dining,Average,3.4,15
Burger Basket -Fast Food,300,Fast Food,Aurangabad,CIDCO,Quick Bites,Average,3.4,16
S Square,600,"North Indian,Chinese",Aurangabad,CIDCO,Casual Dining,Good,3.6,32
The Salt,650,"North Indian,Chinese",Aurangabad,CIDCO,Casual Dining,Average,3.4,29
Lakhotiya's Cakes,500,Bakery,Aurangabad,Usmanpura,Bakery,Average,3.2,5
Teaclub,100,"Fast Food,Tea",Aurangabad,Usmanpura,Quick Bites,Good,3.5,23
Cafe Creme,250,Fast Food,Aurangabad,Waluj,Quick Bites,Good,3.5,16
Silli Chilli,350,Chinese,Aurangabad,CIDCO,Quick Bites,Average,3.3,23
Hot Plate Restaurant,650,"North Indian,Mughlai,Chinese",Aurangabad,Usmanpura,Casual Dining,Good,3.8,89
Cake 'n' Bake,300,Bakery,Aurangabad,Vedant Nagar,Bakery,Average,3.4,9
Alankar Restaurant,500,"Mughlai,Indian,Chinese,Biryani,Hyderabadi,Kebab,Maharashtrian,Seafood",Aurangabad,Nirala Bazar,Casual Dining,Good,3.8,72
Farmish Sandwich,150,"Beverages,Healthy Food",Aurangabad,Ulkanagari,Quick Bites,Good,3.6,20
Patil Mama Vadapav Wale,150,Street Food,Aurangabad,Nyay Nagar,Quick Bites,Good,3.8,41
Sai Chinese Fast Food,300,"Chinese,Fast Food",Aurangabad,Gadia Vihar,Quick Bites,Average,3.3,19
4K's Fast Food,300,"Fast Food,Desserts,Chinese",Aurangabad,CIDCO,Quick Bites,Good,3.8,54
Loksewa Pure Veg Restaurant,200,North Indian,Aurangabad,Gulmandi,Quick Bites,Average,3.0,14
Bikaneer Mithaiwala,300,"Mithai,Bakery",Aurangabad,Waluj,Sweet Shop,Average,2.8,16
Madni Restaurant,200,"North Indian,Chinese,Fast Food",Aurangabad,Shahgunj,Quick Bites,Average,3.4,10
Hotel New Bawarchi,300,"North Indian,Chinese",Aurangabad,MIDC,Quick Bites,Average,3.4,12
Monginis,350,"Bakery,Desserts",Aurangabad,MIDC,Bakery,Average,3.1,11
Annapurna Mewad Bhoj,200,"North Indian,Maharashtrian",Aurangabad,CIDCO,Bhojanalya,Average,3.4,15
Hotel Rassa,200,"North Indian,Maharashtrian",Aurangabad,Ulkanagari,Quick Bites,Average,2.9,8
Om Veg Restaurant,250,North Indian,Aurangabad,CIDCO,Casual Dining,Average,3.3,17
Hotel Rana,500,"North Indian,Chinese",Aurangabad,Usmanpura,Casual Dining,Good,3.8,75
Fun Food Etc,350,"South Indian,Chinese,Street Food",Aurangabad,Ulkanagari,Quick Bites,Good,3.5,12
Raseshwar,300,Fast Food,Aurangabad,Ulkanagari,Quick Bites,Average,3.2,13
Sarda's Food Mantra,700,"Chinese,Fast Food",Aurangabad,Ulkanagari,Casual Dining,Good,3.5,17
Hotel Great Punjab,400,North Indian,Aurangabad,MIDC,Quick Bites,Average,3.2,12
Food Junction,800,"Chinese,Fast Food,Gujarati,Maharashtrian,North Indian,Rajasthani",Aurangabad,CIDCO,Casual Dining,Average,3.4,15
Indiana Cake Boutique,350,"Chinese,Fast Food",Aurangabad,CIDCO,Quick Bites,Good,3.9,59
Feelme Rest O Cafe,400,"Cafe,Chinese",Aurangabad,Gadia Vihar,Café,Average,3.4,14
Tejas Dum Biryani,200,"North Indian,Chinese,Fast Food",Aurangabad,Usmanpura,Quick Bites,Average,3.1,11
Renu's Poli Bhaji Kendra,200,Maharashtrian,Aurangabad,Gadia Vihar,none,Average,3.2,5
Sip N' Brew,300,"Cafe,Continental",Aurangabad,CIDCO,Café,Average,3.3,12
Delite Oven Fresh,300,"Bakery,Desserts",Aurangabad,Nirala Bazar,Bakery,Average,3.0,6
Shri Ganesh Sabudana Vada,100,"Mithai,Maharashtrian",Aurangabad,Mondha,Quick Bites,Average,3.1,5
Midtown Cafe,150,"Fast Food,Chinese",Aurangabad,CIDCO,Quick Bites,None,NEW,NEW
Roti And Rice,200,North Indian,Aurangabad,Gadia Vihar,Quick Bites,Average,3.1,5
Cafe D3 Beyond Temptation,200,Fast Food,Aurangabad,Ulkanagari,Quick Bites,Average,3.0,5
Food Junction Missal Katta,300,Street Food,Aurangabad,Nirala Bazar,Quick Bites,Good,3.5,12
Priti Momos & Chinese Food Corner,350,"Momos,Chinese",Aurangabad,CIDCO,Quick Bites,Very Good,4.0,54
Salt & Spices,200,Rolls,Aurangabad,CIDCO,Quick Bites,Average,2.9,14
Shravani's Paratha House,400,North Indian,Aurangabad,Nirala Bazar,Quick Bites,Average,2.7,10
Parbhani Tahari Darbar,200,"Indian,Biryani",Aurangabad,Chikalthana,Quick Bites,Average,3.3,10
Khushi Fast Food,150,Fast Food,Aurangabad,Usmanpura,Quick Bites,Average,3.4,12
Shree Gajanan Canteen,150,North Indian,Aurangabad,CIDCO,Quick Bites,Average,3.2,6
Palkhi Roof Top  Veg Restaurant,450,"North Indian,Chinese",Aurangabad,Ulkanagari,Casual Dining,Average,3.2,10
Krishna Mewad Pure Veg,200,North Indian,Aurangabad,Mondha,Quick Bites,Average,3.4,12
Wow,250,Fast Food,Aurangabad,CIDCO,Quick Bites,Average,3.1,9
Pokket Cafe,450,Cafe,Aurangabad,Gadia Vihar,Café,Average,3.3,9
Uttam Mithai,250,"Mithai,Fast Food",Aurangabad,Gulmandi,Sweet Shop,Good,3.6,54
Govinda Mewad Restaurant,350,"South Indian,North Indian",Aurangabad,Gulmandi,Casual Dining,Average,2.8,7
Punjab National Hotel,700,"North Indian,Chinese",Aurangabad,Gulmandi,Casual Dining,Very Good,4.1,88
Morya Veg Resturant,600,"Malwani,Mediterranean",Aurangabad,Gadia Vihar,Casual Dining,Average,2.8,13
Riwaayat,300,"North Indian,Mughlai,Chinese",Aurangabad,Prozone Mall-- Chicalthana,Food Court,Good,3.7,69
Dadaji's Cafe,350,Fast Food,Aurangabad,CIDCO,Quick Bites,Average,3.4,13
A.R. Juice Center,100,Juices,Aurangabad,Anand Nagar,Beverage Shop,Not rated,-,-
U Like Pan Shop,100,Paan,Aurangabad,CIDCO,Paan Shop,None,NEW,NEW
Green Hut,300,North Indian,Aurangabad,Chikalthana,Food Court,Average,3.3,7
Food Stand Pure Veg Family Restaurant,300,North Indian,Aurangabad,Gadia Vihar,Quick Bites,Average,3.3,10
Veg Petals,400,"North Indian,Chinese",Aurangabad,Usmanpura,Quick Bites,Average,3.4,57
Madhur Mewar,300,"North Indian,South Indian",Aurangabad,Gulmandi,Casual Dining,Not rated,-,-
7 Mugs Fastfood & Cafe,100,Fast Food,Aurangabad,CIDCO,Quick Bites,Average,3.3,8
Chai Pakodi - The Urban Cafe,400,"Fast Food,Tea,Beverages",Aurangabad,Gadia Vihar,Quick Bites,None,NEW,NEW
Sakhis Kitchen,200,Fast Food,Aurangabad,CIDCO,Quick Bites,Good,3.7,54
Sai Sandesh Refreshment,100,"South Indian,North Indian",Aurangabad,CIDCO,Quick Bites,Not rated,-,-
Sadguru Nashta Center,200,Maharashtrian,Aurangabad,CIDCO,Quick Bites,Average,3.3,12
Creamy Nuts,200,"Desserts,Beverages",Aurangabad,Gadia Vihar,Dessert Parlor,Average,3.1,4
Parivar Mithai & Namkin,350,"Mithai,Fast Food",Aurangabad,Usmanpura,Sweet Shop,Average,3.1,6
New Chinese Corner,200,Chinese,Aurangabad,CIDCO,Kiosk,Average,3.1,6
Hotel Dawat Inn,800,North Indian,Aurangabad,Waluj,Casual Dining,Average,3.0,8
Cafe Delicious Dream,100,"Beverages,Ice Cream,Healthy Food",Aurangabad,Ulkanagari,Quick Bites,Not rated,-,-
Lucky Bakers,200,"Bakery,Desserts",Aurangabad,CIDCO,Bakery,None,NEW,NEW
New Adarsh Hotel,200,Fast Food,Aurangabad,Harsul,Quick Bites,Average,3.2,5
New Happy Foods,300,"Chinese,South Indian",Aurangabad,Gadia Vihar,Quick Bites,Average,3.1,7
Celebration Cakes & Baker's,300,"Bakery,Desserts",Aurangabad,MIDC,Quick Bites,Average,3.1,4
Swad Maharashtracha,100,"Fast Food,Street Food",Aurangabad,CIDCO,Quick Bites,Not rated,-,-
Zaika Chinese Fast Food,300,Chinese,Aurangabad,CIDCO,Quick Bites,Average,3.0,6
Shree Swami Samarth Mahila Gruh Udyog,150,Maharashtrian,Aurangabad,CIDCO,none,Not rated,-,-
Baker's Spot,100,Desserts,Aurangabad,Gadia Vihar,Dessert Parlor,Average,2.9,8
Food Lover,150,"Fast Food,Chinese",Aurangabad,CIDCO,none,None,NEW,NEW
Indian Chatpata Street Food,100,Fast Food,Aurangabad,Ulkanagari,Quick Bites,Not rated,-,-
Rasraj Juice & Snacks Center,300,"Fast Food,Beverages",Aurangabad,Usmanpura,Quick Bites,None,NEW,NEW
Hotel Balaji,450,"Fast Food,Maharashtrian",Aurangabad,Usmanpura,Quick Bites,Average,2.8,4
Gopi Chaat & Chinese,150,"Chinese,Street Food",Aurangabad,CIDCO,none,Not rated,-,-
Indian Snacks,200,Street Food,Aurangabad,Shahgunj,Quick Bites,None,NEW,NEW
Eat N Smile,300,Fast Food,Aurangabad,Shahgunj,Quick Bites,None,NEW,NEW
Hotel Bagga International,800,"Mughlai,North Indian,Chinese,Continental,Biryani",Aurangabad,Hotel Bagga International-- Akashwani,Casual Dining,Good,3.7,76
Om Sai Hotel,300,North Indian,Aurangabad,MIDC,Quick Bites,None,NEW,NEW
Sharmas Fast Food Centre,100,"Fast Food,Chinese",Aurangabad,Ulkanagari,Quick Bites,None,NEW,NEW
Maya's Food,250,North Indian,Aurangabad,Chikalthana,none,None,NEW,NEW
Hotel Green Land,200,"North Indian,Chinese",Aurangabad,CIDCO,Quick Bites,None,NEW,NEW
Jab We Met cafe,150,Fast Food,Aurangabad,CIDCO,Quick Bites,None,NEW,NEW
Foodies ET Al India Private Limited,300,North Indian,Aurangabad,MIDC,Quick Bites,Not rated,-,-
Dalchini Deli And Delivery,150,"North Indian,Italian,Fast Food",Aurangabad,CIDCO,Quick Bites,Average,3.1,4
Delish Caters,200,"North Indian,Kebab",Aurangabad,Harsul,none,Not rated,-,-
Royal Tea Snacks Chinese,100,"Chinese,Fast Food,Beverages",Aurangabad,Nirala Bazar,Quick Bites,None,NEW,NEW
Inspiration Chocolates,200,Desserts,Aurangabad,Chikalthana,Dessert Parlor,Not rated,-,-
Hotel Sai Leela,300,"South Indian,Chinese",Aurangabad,Ulkanagari,Quick Bites,Not rated,-,-
Gajanan Poli Bhaji Kendra,200,Maharashtrian,Aurangabad,CIDCO,Quick Bites,Not rated,-,-
SP's Food - Pure Veg,150,"North Indian,South Indian",Aurangabad,CIDCO,Quick Bites,Not rated,-,-
Prathmesh Food Products,100,Bakery,Aurangabad,Gadia Vihar,Bakery,None,NEW,NEW
Ashish Omlate Center,100,Street Food,Aurangabad,Usmanpura,Quick Bites,None,NEW,NEW
Vivan Bakers & Cafe,200,Desserts,Aurangabad,CIDCO,Dessert Parlor,Not rated,-,-
Nischit Kolhapur,550,North Indian,Aurangabad,Mondha,Quick Bites,Average,3.1,4
Vijay Snacks Corner,100,Fast Food,Aurangabad,CIDCO,Quick Bites,None,NEW,NEW
Food Adda,200,North Indian,Aurangabad,Nirala Bazar,Quick Bites,Not rated,-,-
Cool 9 Cafe,300,Fast Food,Aurangabad,Usmanpura,Quick Bites,Not rated,-,-
Tasty Treats,150,Fast Food,Aurangabad,CIDCO,Quick Bites,Not rated,-,-
Samosa Express,200,"Street Food,Fast Food",Aurangabad,Gadia Vihar,Quick Bites,Not rated,-,-
Hotel Holiday,400,North Indian,Aurangabad,CIDCO,Quick Bites,Not rated,-,-
Aarti Mewad Bhojnalaya,300,North Indian,Aurangabad,Usmanpura,Quick Bites,Not rated,-,-
Shree Fast Food,300,"North Indian,Fast Food",Aurangabad,Gadia Vihar,Casual Dining,Not rated,-,-
Jannatul Firdaus,300,Biryani,Aurangabad,Jaswantpura,Quick Bites,Not rated,-,-
Harshshri Food Corner,200,"Chinese,South Indian,Fast Food,Street Food",Aurangabad,MIDC,Quick Bites,Not rated,-,-
Fresh Point Juice Box,100,Juices,Aurangabad,CIDCO,Beverage Shop,None,NEW,NEW
Fresh Juice Centre,150,"Beverages,Juices",Aurangabad,Mondha,Beverage Shop,Good,3.8,43
Shahi Darbar Restaurant,200,"North Indian,Chinese",Aurangabad,Shahgunj,none,None,NEW,NEW
Aswad Poli Bhaji Kendra,300,Maharashtrian,Aurangabad,Waluj,Quick Bites,None,NEW,NEW
Frestelsen,300,Desserts,Aurangabad,CIDCO,Dessert Parlor,Not rated,-,-
Om Bakers Point,100,Bakery,Aurangabad,Ulkanagari,Bakery,Not rated,-,-
Annashri Foods South Indian,100,South Indian,Aurangabad,MIDC,Quick Bites,None,NEW,NEW
Monginis,350,"Bakery,Desserts",Aurangabad,CIDCO,Bakery,Not rated,-,-
Shahi Mughal Darbar,750,"North Indian,Mughlai,Chinese",Aurangabad,Shahgunj,Casual Dining,Very Good,4.4,228
Ashoka's Veg Restaurant,400,"South Indian,Chinese,North Indian",Aurangabad,Nirala Bazar,Quick Bites,Very Good,4.0,280
Icy Spicy,200,"Desserts,Fast Food",Aurangabad,CIDCO,Quick Bites,Very Good,4.3,278
Indiana Veg Restaurant,450,"South Indian,North Indian,Chinese,Fast Food",Aurangabad,CIDCO,Casual Dining,Very Good,4.1,284
Kareem's Fine Dining,700,"Biryani,Rolls,North Indian,Kebab",Aurangabad,Nirala Bazar,Casual Dining,Very Good,4.1,294
Bombay Bandra Famous Faluda & Chat,200,Desserts,Aurangabad,Shahgunj,none,Very Good,4.3,131
The Chocolate Room,500,"Cafe,Desserts",Aurangabad,CIDCO,Café,Very Good,4.0,208
Uttam Mithai Bhandar,200,"Mithai,Street Food",Aurangabad,Gulmandi,Sweet Shop,Very Good,4.2,244
Kream N Krunch,1000,"North Indian,Chinese,Continental,Italian",Aurangabad,Akashwani,Casual Dining,Very Good,4.2,407
Safa Restaurant,200,"Fast Food,North Indian",Aurangabad,Nirala Bazar,Quick Bites,Very Good,4.1,113
Mauj Restaurant,500,"Italian,Fast Food,North Indian,Chinese",Aurangabad,CIDCO,Casual Dining,Very Good,4.2,241
New Sagar Restaurant,200,"North Indian,Chinese,Mughlai",Aurangabad,Nirala Bazar,Quick Bites,Good,3.9,126
Kailash Veg Restaurant,300,North Indian,Aurangabad,MIDC,Casual Dining,Very Good,4.2,179
Unusual Cafe,550,Cafe,Aurangabad,CIDCO,Café,Good,3.7,97
CFC Shalimar Family Restaurant,300,"North Indian,Chinese",Aurangabad,Jaswantpura,Casual Dining,Very Good,4.2,113
Shri Rajeshwar Chat Centre,300,Street Food,Aurangabad,Gulmandi,Quick Bites,Not rated,-,-
Annapurna Idli,100,South Indian,Aurangabad,Ulkanagari,Quick Bites,Not rated,-,-
Sandwich Katta,150,"Fast Food,Street Food",Aurangabad,CIDCO,Quick Bites,Not rated,-,-
Nilkamal Snacks Center,200,Fast Food,Aurangabad,CIDCO,Quick Bites,Not rated,-,-
Cafe Heart Beat,200,Fast Food,Aurangabad,CIDCO,Quick Bites,Not rated,-,-
Royal Foodies,250,"North Indian,Fast Food,Chinese",Aurangabad,Waluj,Quick Bites,Not rated,-,-
Shrinivasan South Corner,400,"South Indian,North Indian",Aurangabad,Waluj,Quick Bites,Not rated,-,-
Take Away,350,"North Indian,Chinese",Aurangabad,Ulkanagari,Casual Dining,Good,3.5,58
Hotel Sai Sarang,400,North Indian,Aurangabad,Usmanpura,Quick Bites,None,NEW,NEW
Cafe International,200,"Cafe,Beverages,Fast Food",Aurangabad,Waluj,Quick Bites,None,NEW,NEW
Zanzanit Marathi Tadka,250,Maharashtrian,Aurangabad,Nirala Bazar,Food Truck,Not rated,-,-
Delite Foods And Cakes,150,Bakery,Aurangabad,CIDCO,Bakery,Not rated,-,-
Sunita Sweets,500,Mithai,Aurangabad,CIDCO,none,Not rated,-,-
Madhur Jain Veg,150,North Indian,Aurangabad,Gadia Vihar,Quick Bites,Not rated,-,-
Girivandan Restaurant,250,"North Indian,Beverages",Aurangabad,Waluj,Quick Bites,None,NEW,NEW
Patil Assal Kolhapuri,150,Fast Food,Aurangabad,CIDCO,Quick Bites,None,NEW,NEW
Ravi Lunch Home,150,Maharashtrian,Aurangabad,Nirala Bazar,none,Not rated,-,-
Laxmi Bhuwan Hotel,400,North Indian,Aurangabad,CIDCO,Quick Bites,Not rated,-,-
Sai Hotel,300,North Indian,Aurangabad,Gadia Vihar,Quick Bites,Not rated,-,-
Shahibhoj Family Restaurant,500,"North Indian,Chinese",Aurangabad,CIDCO,Casual Dining,Not rated,-,-
Om Sai South Indian Hotel,200,South Indian,Aurangabad,Waluj,Quick Bites,None,NEW,NEW
Hotel Kanchan,500,"North Indian,Maharashtrian",Aurangabad,MIDC,Bar,None,NEW,NEW
Hotel Tirupati,300,"Chinese,Maharashtrian",Aurangabad,MIDC,Quick Bites,None,NEW,NEW
RajMandir Icecream,150,"Ice Cream,Desserts",Aurangabad,Sindhi Colony,Dessert Parlor,Very Good,4.0,49
Cafe Spark,200,"Fast Food,Beverages",Aurangabad,MIDC,Quick Bites,None,NEW,NEW
Swami Samarth Poli Bhaji Kendra,200,Maharashtrian,Aurangabad,Nyay Nagar,Quick Bites,None,NEW,NEW
Gravity Breakfast And Chinese Corner,350,"Chinese,Street Food",Aurangabad,Usmanpura,Quick Bites,None,NEW,NEW
Khandesh Tadka,200,"Fast Food,Chinese",Aurangabad,Waluj,Quick Bites,None,NEW,NEW
Sairam Hotel,200,Fast Food,Aurangabad,Chikalthana,Quick Bites,Not rated,-,-
Mughal Darbar Family Hotel,300,Mughlai,Aurangabad,Shahgunj,Quick Bites,Good,3.6,25
Rajdarbar Maratha Hotel,300,North Indian,Aurangabad,Gadia Vihar,Quick Bites,Good,3.9,59
Nishant Park,650,"North Indian,Chinese",Aurangabad,Gadia Vihar,Casual Dining,Average,2.7,64
Lucky Natural Juice Centre,100,Juices,Aurangabad,Jaswantpura,Beverage Shop,Good,3.9,13
Arihant Cake & Cookies,350,"Bakery,Desserts",Aurangabad,Nirala Bazar,Bakery,Average,2.6,46
The Mughals,500,"North Indian,Mughlai",Aurangabad,Usmanpura,Quick Bites,Good,3.7,67
Egg Magic,400,"Street Food,Kebab",Aurangabad,CIDCO,Quick Bites,Average,3.4,37
Aditya Garden Restaurant,1000,"North Indian,Chinese",Aurangabad,Waluj,Casual Dining,Very Good,4.0,42
Rodo Cafe,300,Cafe,Aurangabad,MIDC,Quick Bites,Average,3.0,22
Healthy Bites,400,"Healthy Food,Chinese,Mughlai,Beverages",Aurangabad,Harsul,Casual Dining,Good,3.6,46
Swissbell Creamery,250,Desserts,Aurangabad,Usmanpura,Quick Bites,Good,3.9,54
Hotel New Shama,150,North Indian,Aurangabad,MIDC,Quick Bites,Very Good,4.0,40
Zalak,400,Maharashtrian,Aurangabad,Gulmandi,Quick Bites,Good,3.8,45
Maroosh,500,"Lebanese,North Indian,Middle Eastern",Aurangabad,Prozone Mall-- Chicalthana,Quick Bites,Good,3.8,53
Chaat Baat,200,"Fast Food,Street Food",Aurangabad,CIDCO,Quick Bites,Good,3.5,19
Cafe Durga,500,Fast Food,Aurangabad,MIDC,Quick Bites,Good,3.5,57
20-20 Chinese & North Indian,200,Chinese,Aurangabad,CIDCO,none,Good,3.6,16
This & That Patisserie & Restaurant,400,"Fast Food,Bakery",Aurangabad,Nyay Nagar,Quick Bites,Very Good,4.0,21
Hotel Pawan Putra,500,"Chinese,North Indian",Aurangabad,Harsul,Quick Bites,Good,3.7,44
MH20,500,North Indian,Aurangabad,Gadia Vihar,Casual Dining,Poor,2.3,59
Little Italy,1000,"Italian,Mexican",Aurangabad,Gadia Vihar,Casual Dining,Good,3.5,56
Sky Touch,600,"North Indian,Chinese,Continental",Aurangabad,CIDCO,Casual Dining,Good,3.6,48
Lalaji's,450,"Fast Food,Chinese,North Indian,South Indian",Aurangabad,MIDC,Quick Bites,Average,2.7,43
Madhuban Garden Restaurant,800,"North Indian,Italian",Aurangabad,Gadia Vihar,Casual Dining,Good,3.8,53
Mrignayani Restaurant And Bar,550,"Continental,Chinese",Aurangabad,Ulkanagari,Casual Dining,Good,3.6,51
Safa Juice Center,100,Juices,Aurangabad,CIDCO,Beverage Shop,Good,3.7,19
Nanded Chicken Biryani House,200,Biryani,Aurangabad,Shahgunj,Quick Bites,Average,3.0,25
Lucky Ice Cream,150,"Ice Cream,Desserts",Aurangabad,CIDCO,Dessert Parlor,None,NEW,NEW
Hotel New Vrundavan,400,"North Indian,Chinese",Aurangabad,Waluj,Quick Bites,Good,3.6,43
Kattakirr Misal Restaurant,200,"Maharashtrian,Street Food",Aurangabad,CIDCO,Quick Bites,Average,3.0,32
Hotel Atithi's Roof Top Restaurant,1200,"North Indian,Chinese",Aurangabad,CIDCO,Casual Dining,Average,3.4,62
Sai Prasad Bhojanalay,350,North Indian,Aurangabad,Usmanpura,Casual Dining,Good,3.7,39
Shiva's Veg Restaurant & Cafe,350,"North Indian,Chinese,South Indian",Aurangabad,CIDCO,Quick Bites,Average,2.7,27
Bento The Snackchat,350,"Cafe,Fast Food",Aurangabad,CIDCO,Café,Good,3.8,56
Jai Bhavani Restaurant,500,"Maharashtrian,North Indian",Aurangabad,Waluj,Quick Bites,Good,3.7,21
Kabab Junction,500,"North Indian,Kebab",Aurangabad,MIDC,Quick Bites,Good,3.6,28
Hotel Biryani House,450,"Biryani,Mughlai",Aurangabad,CIDCO,Casual Dining,Average,2.7,61
All New Donatos Pizza,300,Pizza,Aurangabad,Delhi Gate Area,Quick Bites,Average,3.3,36
Chopstick Chinese,800,Chinese,Aurangabad,Ulkanagari,Casual Dining,Good,3.6,43
Lucky Juice Center,150,"Juices,Pizza,Burger",Aurangabad,Jaswantpura,Quick Bites,Good,3.6,18
Adarsh Bakery,300,Bakery,Aurangabad,Usmanpura,Quick Bites,Good,3.7,50
Shri Deepali South Indian,100,South Indian,Aurangabad,CIDCO,Quick Bites,Good,3.8,29
Manmandir Pure Veg,300,"Chinese,Indian,South Indian",Aurangabad,Usmanpura,Quick Bites,Good,3.5,42
Jai Bhawani Chinese Center,200,Chinese,Aurangabad,Waluj,Quick Bites,None,NEW,NEW
Hotel Jain Bhoj,400,North Indian,Aurangabad,CIDCO,Casual Dining,Good,3.7,39
Om Tulsi Restaurant,600,"Chinese,North Indian,South Indian",Aurangabad,CIDCO,Casual Dining,Good,3.9,50
Hotel Amrut Pure Veg Restaurant,300,"North Indian,Chinese",Aurangabad,Gadia Vihar,Quick Bites,Average,3.0,13
Hotel Paradise,500,"North Indian,South Indian",Aurangabad,Nirala Bazar,Casual Dining,Good,3.6,29
Mad Over Chicken,400,Fast Food,Aurangabad,Prozone Mall-- Chicalthana,Food Court,Good,3.7,42
Smiley Restaurant,350,"Chinese,North Indian,South Indian",Aurangabad,CIDCO,Quick Bites,Average,3.4,33
Ess-Press-Oh,600,"Cafe,Healthy Food",Aurangabad,Chikalthana,Café,Good,3.6,43
Hotel Novelty,350,North Indian,Aurangabad,MIDC,Casual Dining,Good,3.9,45
Green Apple Family Restaurant,300,"North Indian,Continental,Chinese",Aurangabad,Delhi Gate Area,Quick Bites,Average,3.3,8
Invito Fine Dine,800,"North Indian,Italian,Chinese",Aurangabad,CIDCO,Casual Dining,Good,3.6,29
KV's Fusion Dining,500,North Indian,Aurangabad,CIDCO,Casual Dining,Good,3.8,54
Spice Veg Restaurant,400,"North Indian,Chinese,Pizza",Aurangabad,Gulmandi,Casual Dining,Good,3.7,41
Lalaji's Executive,1000,"Chinese,Indian",Aurangabad,MIDC,Quick Bites,Average,3.4,35
All Season - Hotel Manor,1000,"Chinese,North Indian,Mughlai",Aurangabad,Hotel Manor-- Usmanpura,Casual Dining,Very Good,4.0,32
New Ludhiyana Dhaba,550,"North Indian,Maharashtrian,Chinese",Aurangabad,Waluj,Casual Dining,Average,3.4,28
Sapna Chinese Corner,400,Chinese,Aurangabad,Nyay Nagar,Quick Bites,Good,3.5,39
Bombay Kulfi,150,Desserts,Aurangabad,Akashwani,Dessert Parlor,Good,3.8,20
Dosa Plaza,300,South Indian,Aurangabad,Prozone Mall-- Chicalthana,Quick Bites,Average,2.6,31
Idli Street,500,"North Indian,Chinese,Continental",Aurangabad,Usmanpura,Casual Dining,Average,2.6,48
Hotel Venkatesh,200,"Chinese,South Indian,Street Food",Aurangabad,CIDCO,Quick Bites,Good,3.8,40
Cuba 3 Family Restro Bar,1200,"North Indian,Chinese",Aurangabad,CIDCO,Casual Dining,Good,3.5,32
Moksh Family Restaurant & Bar,600,"North Indian,Maharashtrian,Mughlai",Aurangabad,MIDC,Casual Dining,Good,3.6,33
Rumours Restaurant And Lounge,450,"Fast Food,Chinese,Continental,Beverages,Kebab",Aurangabad,Nirala Bazar,Lounge,Good,3.5,32
Familios Food Stop,500,"North Indian,Chinese",Aurangabad,Gadia Vihar,Quick Bites,Average,3.0,36
Manjiri,350,"South Indian,North Indian",Aurangabad,Nirala Bazar,Casual Dining,Good,3.6,37
Shanti Poli Bhaji Kendra,150,Maharashtrian,Aurangabad,Ulkanagari,Quick Bites,Good,3.6,15
Woodlot Garden Restaurant,800,"North Indian,Chinese",Aurangabad,Gulmandi,Quick Bites,Good,3.9,40
Fresh Juicebar,100,Juices,Aurangabad,Usmanpura,Beverage Shop,Average,3.4,9
Jalsa Pure Veg Restaurant,550,"North Indian,Chinese,Modern Indian",Aurangabad,CIDCO,Casual Dining,Average,3.4,34
China Town,400,"Chinese,North Indian",Aurangabad,CIDCO,Quick Bites,Average,2.6,41
Joint Cafe,300,Cafe,Aurangabad,CIDCO,Café,Good,3.5,33
Pizza & Pasta Bite,150,"Pizza,Burger,Sandwich,Fast Food",Aurangabad,CIDCO,Quick Bites,Average,3.2,8
Gharghuti Kanduri Muton Hand,300,"North Indian,Indian",Aurangabad,Akashwani,Quick Bites,Good,3.6,22
Central Perk,250,"Fast Food,Street Food",Aurangabad,CIDCO,none,Average,3.3,18
Lazzat Chinese,200,Chinese,Aurangabad,Gadia Vihar,Quick Bites,Good,3.5,14
Mewad Hotel Pure Veg,200,North Indian,Aurangabad,Nirala Bazar,Quick Bites,Good,3.5,14
Get Inn Veg Restaurant,500,"North Indian,Chinese",Aurangabad,CIDCO,Quick Bites,Good,3.6,46
Hotel Swagat Maratha,550,"North Indian,Maharashtrian",Aurangabad,Gulmandi,Casual Dining,Good,3.7,31
Scoop & Smile By Ice Valley,250,"Desserts,Fast Food",Aurangabad,CIDCO,Quick Bites,Good,3.7,19
Kohinoor Plaza,650,"North Indian,Chinese",Aurangabad,Nirala Bazar,Casual Dining,Average,3.4,42
Mini Taj Family Restaurant,500,"North Indian,Mughlai",Aurangabad,Shahgunj,Casual Dining,Good,3.5,38
Rudra Food Court,500,Fast Food,Aurangabad,Gadia Vihar,Quick Bites,Good,3.5,31
Asra Mughal Darbar,400,Mughlai,Aurangabad,Shahgunj,Quick Bites,Average,2.6,38
Cafe Commentary,200,"Cafe,Fast Food",Aurangabad,Chikalthana,Café,Good,3.6,13
Hotel Uttam Maratha Veg Nonveg Restaurant,200,North Indian,Aurangabad,Sindhi Colony,Quick Bites,Average,3.1,15
Baskin Robbins,300,"Ice Cream,Desserts",Aurangabad,Ulkanagari,Dessert Parlor,Average,3.4,16
Hotel Morya,800,"North Indian,Chinese",Aurangabad,Waluj,Casual Dining,Good,3.7,29
Kailash Pav Bhaji,100,Fast Food,Aurangabad,CIDCO,Kiosk,Good,3.5,8
Chhotu Vada Pav,300,Fast Food,Aurangabad,Waluj,none,Good,3.6,13
Great Lucky Juice Centre,100,"Beverages,Juices",Aurangabad,Nirala Bazar,Beverage Shop,Good,3.6,21
Hotel Shiva Veg & Non Veg,300,"North Indian,Biryani",Aurangabad,CIDCO,Quick Bites,Good,3.5,32
Foodicted,400,Fast Food,Aurangabad,CIDCO,Quick Bites,Good,3.7,22
Mauli Poli Bhaji Kendra,200,Fast Food,Aurangabad,CIDCO,Quick Bites,Average,3.4,16
Khalsa Punjabi Dhaba,700,North Indian,Aurangabad,Gadia Vihar,Casual Dining,Good,3.7,31
Annapurna's 540 West Rest'O'Bar,1000,"North Indian,Chinese,Hyderabadi",Aurangabad,CIDCO,Casual Dining,Good,3.6,28
Modak Pure Veg,500,"Chinese,North Indian,South Indian",Aurangabad,CIDCO,Quick Bites,Average,3.3,34
Pohe Wala,100,North Indian,Aurangabad,CIDCO,none,Average,3.2,6
khalsa Dam Biryani Hotel,400,"Biryani,North Indian",Aurangabad,Usmanpura,Quick Bites,Average,3.0,11
Hotel Guru - Shrimant,300,North Indian,Aurangabad,CIDCO,Quick Bites,Good,3.7,33
Ekta Biryani House,150,Biryani,Aurangabad,Mukundwadi,none,Good,3.6,25
Laxmi Sandwich & Pizza Centre,100,"Chinese,Fast Food",Aurangabad,Ulkanagari,Quick Bites,None,NEW,NEW
Hotel Naivedya,450,North Indian,Aurangabad,Waluj,Casual Dining,Average,3.2,21
Kings Fast Food Centre,200,Fast Food,Aurangabad,Usmanpura,Quick Bites,Average,3.4,34
The Cheesy Bond Cafe,200,"Pizza,Fast Food,Beverages",Aurangabad,CIDCO,Café,Average,3.1,9
Indian Hotel,500,Chinese,Aurangabad,Usmanpura,Quick Bites,Average,3.0,14
Bawarchi Dum Biryani,500,"Biryani,Kebab",Aurangabad,Nirala Bazar,Quick Bites,Good,3.7,39
Hotel Sagar Palace,350,North Indian,Aurangabad,CIDCO,Quick Bites,Average,3.3,13
Hotel Gaurav Maratha,200,"North Indian,Chinese",Aurangabad,Nyay Nagar,Quick Bites,Good,3.6,36
Adil's Chinese Corner,150,Chinese,Aurangabad,Shahgunj,Quick Bites,Average,3.1,7
Tuljai Swaypak Ghar,400,North Indian,Aurangabad,Usmanpura,Quick Bites,Average,3.4,18
Supriya Restaurant & Bar,450,"North Indian,Chinese",Aurangabad,Nirala Bazar,Casual Dining,Good,3.7,17
Golden Star Bakery,200,North Indian,Aurangabad,Shahgunj,Casual Dining,Good,3.6,18
Hotel Mrignayani,800,"North Indian,Chinese",Aurangabad,Waluj,Casual Dining,Good,3.6,20
UBQ by Barbeque Nation,450,"North Indian,BBQ,Biryani,Kebab",Aurangabad,Chikalthana,none,Average,3.4,5
Meraki,1400,"North Indian,Biryani",Aurangabad,Gadia Vihar,Lounge,Average,2.7,26
Hotel Prem Popular Punjab,800,North Indian,Aurangabad,MIDC,Quick Bites,Good,3.6,14
Hotel Surya,600,"North Indian,Chinese",Aurangabad,CIDCO,Casual Dining,Good,3.5,17
Hotel Green Olive,1000,"Continental,Chinese,Biryani,North Indian,Maharashtrian,South Indian,Mexican",Aurangabad,Hotel Green Olive-- Nirala Bazar,Casual Dining,Very Good,4.3,167
Nukkad,500,Cafe,Aurangabad,CIDCO,Café,Good,3.9,173
Mokoholic Juice Bar,300,"Juices,Desserts",Aurangabad,Mondha,Dessert Parlor,Very Good,4.2,137
Hotel VIP Maratha,500,"Maharashtrian,North Indian",Aurangabad,CIDCO,Casual Dining,Good,3.8,222
Shahi Bhoj Restaurant,400,North Indian,Aurangabad,CIDCO,Quick Bites,Good,3.9,165
Food-de-bollywood,800,"North Indian,Continental",Aurangabad,CIDCO,Casual Dining,Very Good,4.2,208
Pride Kitchen Hydrabadi Biryani,250,"Biryani,North Indian",Aurangabad,Usmanpura,Quick Bites,Good,3.8,106
Shawarma House,300,"Fast Food,Chinese,Lebanese,Rolls,Momos,Arabian",Aurangabad,Akashwani,Quick Bites,Good,3.9,136
Naaz Restaurant,250,"North Indian,Chinese",Aurangabad,MIDC,Casual Dining,Good,3.9,121
Bombay Bistro,500,Cafe,Aurangabad,Nyay Nagar,Café,Very Good,4.4,164
New Mughal Darbar,550,"Mughlai,Biryani",Aurangabad,CIDCO,Casual Dining,Poor,2.4,224
ZAINIMS,250,"Fast Food,Biryani",Aurangabad,CIDCO,Quick Bites,Good,3.6,92
Suvidha Veg Restaurant,250,"North Indian,Chinese,South Indian",Aurangabad,Waluj,Quick Bites,Very Good,4.3,162
Te Amo,900,"North Indian,Chinese,Continental",Aurangabad,Akashwani,Casual Dining,Very Good,4.1,144
Kakaji's Veg Restaurant,400,"North Indian,Chinese,Fast Food,Beverages",Aurangabad,CIDCO,Quick Bites,Good,3.7,117
Jodhpur Chat Bhandar,150,Street Food,Aurangabad,Akashwani,Quick Bites,Average,3.3,8
Sweet India,300,Mithai,Aurangabad,Anand Nagar,Sweet Shop,None,NEW,NEW
Green Park,600,"North Indian,Chinese",Aurangabad,CIDCO,Casual Dining,Good,3.6,24
Deshi Foodwala (Bapus Rasoi),150,North Indian,Aurangabad,Ulkanagari,Quick Bites,Average,2.9,5
Hyderabadi's Dum Biryani,300,Biryani,Aurangabad,CIDCO,Quick Bites,None,NEW,NEW
Patiala Peg,1000,"North Indian,Chinese",Aurangabad,Gadia Vihar,Casual Dining,Good,3.5,20
Cafe Topping House,200,"Fast Food,Cafe,Ice Cream,Burger,Beverages",Aurangabad,Nirala Bazar,Quick Bites,Good,3.5,12
Navkar Veg Restaurant,200,"North Indian,Fast Food",Aurangabad,Waluj,Quick Bites,Average,3.2,5
Mind Blowing Naturals,300,"Ice Cream,Desserts",Aurangabad,Ulkanagari,Dessert Parlor,Average,3.2,11
Sandwich Factory,200,Sandwich,Aurangabad,CIDCO,none,None,NEW,NEW
The Lotus Multi Cuisine Restaurant,300,"North Indian,Chinese",Aurangabad,CIDCO,Quick Bites,Average,3.2,26
Yummy Tummy Food Van,250,"Desserts,Ice Cream,Sandwich",Aurangabad,Gadia Vihar,Food Truck,Good,3.8,20
Devpriya's Floating Spirit Bar & Restaurant,800,"North Indian,South Indian,Chinese",Aurangabad,Nirala Bazar,Quick Bites,Good,3.8,29
Noopur,500,"North Indian,Maharashtrian,Fast Food",Aurangabad,Usmanpura,Casual Dining,Average,3.3,23
Hotel Jai Maharashtra Non-Veg,400,Maharashtrian,Aurangabad,Harsul,Casual Dining,Average,3.4,18
Amul Ice - Cream,200,Ice Cream,Aurangabad,Usmanpura,Dessert Parlor,Average,3.3,23
Hotel Konkan Kinara,650,"Maharashtrian,North Indian,Chinese,Seafood,Continental",Aurangabad,Gadia Vihar,Quick Bites,Good,3.6,22
Kathi Roll House,150,"Fast Food,Rolls",Aurangabad,CIDCO,none,Average,3.3,27
Tashan Talkies,500,"Cafe,Chinese,North Indian,South Indian,Street Food",Aurangabad,CIDCO,Quick Bites,Average,2.7,29
Monginis,350,"Bakery,Desserts",Aurangabad,Usmanpura,Bakery,Average,3.4,27
Desi Videshi Cafe,200,"Pizza,Street Food,Beverages,Sandwich",Aurangabad,Usmanpura,Quick Bites,Average,3.1,15
Bombay Cafe,500,Cafe,Aurangabad,CIDCO,Café,Good,3.5,23
Lazeez Chinese,200,Biryani,Aurangabad,Shahgunj,none,Good,3.5,13
Daji's Kitchen,400,"Fast Food,Chinese,North Indian",Aurangabad,CIDCO,Quick Bites,Average,3.4,12
Sahara Hotel,400,"Chinese,North Indian,Street Food",Aurangabad,CIDCO,Quick Bites,Average,3.4,28
Seven Spices Garden Restaurant,300,North Indian,Aurangabad,Nirala Bazar,none,Average,3.3,20
Silver Inn,500,"North Indian,South Indian,Chinese",Aurangabad,Akashwani,Casual Dining,Average,3.4,23
Master Cook,500,"North Indian,Chinese",Aurangabad,Gadia Vihar,Casual Dining,Good,3.6,22
A S Club,800,"North Indian,South Indian,Chinese",Aurangabad,Waluj,Casual Dining,Good,3.5,17
Cool Down,200,"Fast Food,Desserts,Beverages",Aurangabad,Ulkanagari,none,Not rated,-,-
Green Chillies Family Restaurant,300,"North Indian,Chinese,Fast Food",Aurangabad,CIDCO,Quick Bites,None,NEW,NEW
Melt 'n' Mellow,200,"Desserts,Ice Cream",Aurangabad,CIDCO,Dessert Parlor,Good,3.5,18
Renuka Pav Bhaji and Chinese Centre,150,Street Food,Aurangabad,Waluj,Quick Bites,Average,3.2,7
Rasraj Juice & Snack Centre,300,"Fast Food,Juices",Aurangabad,Usmanpura,Quick Bites,Good,3.7,25
Sharveen Executive,650,"North Indian,Mughlai,Chinese",Aurangabad,Gadia Vihar,Casual Dining,Average,3.4,19
Rajyog Rajasthani Restaurant,500,Rajasthani,Aurangabad,MIDC,Quick Bites,Average,3.3,9
Dreams Veg Fine Dine,800,"North Indian,South Indian,Chinese",Aurangabad,Usmanpura,Casual Dining,Average,3.2,10
Kale Bandhu Restaurant,150,North Indian,Aurangabad,Chikalthana,Quick Bites,Good,3.6,19
Mannu Fish Restaurant,650,"Chinese,North Indian,Seafood",Aurangabad,CIDCO,Quick Bites,Good,3.6,25
Cafe Magic,300,Cafe,Aurangabad,Usmanpura,Café,Average,3.2,12
Shivam Family Restaurant,700,"Maharashtrian,Chinese",Aurangabad,Waluj,Casual Dining,Good,3.5,16
Daawat Family Garden Restaurant & Bar,600,North Indian,Aurangabad,Waluj,Quick Bites,Good,3.5,12
Spice Tree Family Restaurant,500,"North Indian,Chinese",Aurangabad,Gadia Vihar,Quick Bites,Average,3.4,14
Swad-E-Sindh,400,North Indian,Aurangabad,Usmanpura,Quick Bites,Average,3.3,14
Cafe Ttmm,200,Fast Food,Aurangabad,Nirala Bazar,Quick Bites,None,NEW,NEW
Hotel Amritsar Punjabi,900,"North Indian,Chinese",Aurangabad,CIDCO,Casual Dining,Good,3.7,19
Krispy Kream The Cake Shop,300,"Bakery,Desserts",Aurangabad,CIDCO,Bakery,None,NEW,NEW
GARNISH,300,North Indian,Aurangabad,CIDCO,Casual Dining,Good,3.5,16
Nandadeep's Floating Spirit,400,"North Indian,Chinese",Aurangabad,Harsul,Quick Bites,Average,3.4,16
Swad Maharashtracha,200,North Indian,Aurangabad,Gadia Vihar,Quick Bites,Average,3.3,7
Cafe Crush,150,"Pizza,Burger",Aurangabad,CIDCO,Quick Bites,Average,2.8,5
Hira Pav Bhaji,200,Fast Food,Aurangabad,Nirala Bazar,Quick Bites,None,NEW,NEW
Tasty Zone,150,Fast Food,Aurangabad,CIDCO,Quick Bites,None,NEW,NEW
Twisty Potato,150,"Fast Food,Street Food",Aurangabad,CIDCO,Quick Bites,Average,3.4,18
Onkar's Momos & Snacks Corner,150,Fast Food,Aurangabad,Usmanpura,none,None,NEW,NEW
Vrindavan Pure Veg,450,"North Indian,Chinese,South Indian",Aurangabad,CIDCO,Casual Dining,Average,3.2,16
Smiley Bakers,100,Bakery,Aurangabad,Waluj,Bakery,Average,3.3,5
Cafe What's Up,300,Cafe,Aurangabad,Ulkanagari,Café,Average,2.7,16
Baba Cake Shop,300,Bakery,Aurangabad,CIDCO,Bakery,Good,3.5,17
Castle Executive,700,North Indian,Aurangabad,Nyay Nagar,Casual Dining,Good,3.6,22
Waffle House,300,Desserts,Aurangabad,Usmanpura,Quick Bites,None,NEW,NEW
Hotel Lalaji Veg & NonVeg,350,"Chinese,Mughlai,Biryani",Aurangabad,Chikalthana,Quick Bites,Good,3.5,18
Roll Station,200,Rolls,Aurangabad,CIDCO,none,Average,3.4,16
Ajanta Mithai and Dry fruits,200,Desserts,Aurangabad,Shahgunj,Dessert Parlor,Average,3.3,8
Creamy Nuts,200,"Beverages,Sandwich",Aurangabad,Usmanpura,Café,Average,3.1,4
Chul,650,North Indian,Aurangabad,CIDCO,Casual Dining,Good,3.8,19
Cafe Jack N Jill,350,Fast Food,Aurangabad,CIDCO,Quick Bites,Average,3.1,15
Salim Jajeera Restaurant,250,"North Indian,Chinese",Aurangabad,Nirala Bazar,Quick Bites,Average,3.3,8
Cafe Creme,300,"Cafe,Desserts",Aurangabad,Ulkanagari,Café,Poor,2.3,17
Sagar Soda & Lassi,150,Beverages,Aurangabad,CIDCO,Beverage Shop,Average,3.3,11
Shabri Thalipeeth Center,400,"North Indian,Fast Food",Aurangabad,CIDCO,Quick Bites,Average,3.4,14
Shagun Executive Restaurant,450,"North Indian,Chinese,South Indian",Aurangabad,Nirala Bazar,Casual Dining,Average,2.6,10
Hotel Palkhi,500,"North Indian,South Indian",Aurangabad,CIDCO,Quick Bites,Average,3.3,19
Maratha Palace Family Restaurant,500,Maharashtrian,Aurangabad,Sindhi Colony,Casual Dining,Average,3.3,9
Fiza Hotel,550,"North Indian,Chinese,Maharashtrian",Aurangabad,CIDCO,Casual Dining,Average,3.2,13
Gharonda Restaurant & Bar,700,"North Indian,Chinese",Aurangabad,Nirala Bazar,Casual Dining,Average,3.4,13
Riviera Celebration Restaurant,600,"North Indian,Chinese",Aurangabad,CIDCO,Casual Dining,Good,3.5,15
Red N Black,800,"Cafe,North Indian",Aurangabad,Akashwani,Café,Good,3.6,12
Punjab Shahi Chat,150,Street Food,Aurangabad,CIDCO,Quick Bites,Average,3.0,4
Punjabi Rasoi,650,"North Indian,Chinese",Aurangabad,CIDCO,Casual Dining,Average,3.4,10
Abhinandan,800,North Indian,Aurangabad,CIDCO,Casual Dining,Average,3.2,9
Vrindavan Dinning Hall,400,"Gujarati,Maharashtrian,Rajasthani",Aurangabad,MIDC,Casual Dining,Average,3.4,11
Mast Banarasi Paan,100,Paan,Aurangabad,CIDCO,Paan Shop,Average,3.4,7
Kwality Oven Fresh,150,Bakery,Aurangabad,Shahgunj,Bakery,Average,3.2,5
Fresh Cake Zone,250,Desserts,Aurangabad,CIDCO,Dessert Parlor,None,NEW,NEW
Sairaj Bar & Garden Restaurant,500,"North Indian,Chinese",Aurangabad,Waluj,Casual Dining,Good,3.5,4
HOTEL NATRAJ,400,"North Indian,Chinese",Aurangabad,CIDCO,Quick Bites,Good,3.5,18
Zaika Dum Briyani,400,Biryani,Aurangabad,CIDCO,Quick Bites,Average,3.2,17
New Sawaji Maratha Veg & Nonveg,300,Maharashtrian,Aurangabad,CIDCO,Quick Bites,Average,3.4,12
Hotel Great Savera,200,"Biryani,Mughlai",Aurangabad,Nirala Bazar,Quick Bites,None,NEW,NEW
New Aurangabad Pan Center,150,Paan,Aurangabad,CIDCO,Paan Shop,Average,3.2,5
Karnival,600,North Indian,Aurangabad,Gadia Vihar,Casual Dining,Average,3.3,9
Spicy Chinese Fast Food,250,"Chinese,Fast Food",Aurangabad,Gadia Vihar,Quick Bites,None,NEW,NEW
My Start Up Cafe,400,Cafe,Aurangabad,CIDCO,Café,Average,2.8,11
City Bakers,100,"Desserts,Fast Food",Aurangabad,Gulmandi,Dessert Parlor,Average,3.4,13
Orange Juice Bar,150,"Juices,Ice Cream,Desserts",Aurangabad,CIDCO,Dessert Parlor,Good,3.5,13
Yours Cafe Shradda Restaurant,300,North Indian,Aurangabad,CIDCO,Quick Bites,Average,2.9,4
Laxmi Mewad Bhojnalay,150,North Indian,Aurangabad,CIDCO,Quick Bites,Not rated,-,-
J J Restaurant,200,South Indian,Aurangabad,CIDCO,Quick Bites,None,NEW,NEW
The Tulip Multi Cuisine Restaurant,600,North Indian,Aurangabad,CIDCO,Casual Dining,Average,2.9,12
Bamboo Veg Non Veg,500,"North Indian,Chinese",Aurangabad,Ulkanagari,Casual Dining,Average,3.4,17
Taisty Chinese,150,"Chinese,Fast Food,North Indian",Aurangabad,CIDCO,Quick Bites,Good,3.6,16
The Coffee Shop,100,"Fast Food,Beverages",Aurangabad,Gadia Vihar,Quick Bites,Average,3.1,6
Mansi Bakers,500,Bakery,Aurangabad,CIDCO,Bakery,Average,3.3,8
The Real Spice Kitchen,450,"Chinese,North Indian",Aurangabad,CIDCO,Casual Dining,Average,2.9,8
V Pan Mandir,50,"Street Food,Beverages",Aurangabad,Mondha,Quick Bites,Average,3.3,12
Khadya Jatra,150,"North Indian,Hyderabadi",Aurangabad,Gulmandi,none,Average,3.1,4
D Sutra - Hotel Manor,1500,Finger Food,Aurangabad,Hotel Manor-- Usmanpura,Lounge,Average,3.3,8
Yara Di Gaddi,250,"North Indian,Burger",Aurangabad,CIDCO,Food Truck,Average,3.4,10
Hotel Sher-A-Punjab,500,North Indian,Aurangabad,Gadia Vihar,Casual Dining,Average,3.0,10
Cafe Enroute and Resto,250,"Fast Food,American,Beverages",Aurangabad,Nyay Nagar,Quick Bites,Not rated,-,-
Cafe Refresho,200,Cafe,Aurangabad,Ulkanagari,none,Average,3.0,6
Wat-a-Biryani,500,"Biryani,North Indian",Aurangabad,CIDCO,none,Average,2.8,9
New Shreyas Corner,350,"Fast Food,Desserts",Aurangabad,Nirala Bazar,Quick Bites,Average,3.0,4
Gokul  Vrindavan Sweets,200,Mithai,Aurangabad,CIDCO,Sweet Shop,Average,2.8,14
Hotel Peshwa Park,500,North Indian,Aurangabad,Ulkanagari,Casual Dining,Average,3.3,9
Yesha's Breakfast Junction,200,Fast Food,Aurangabad,CIDCO,Quick Bites,Not rated,-,-
Eshita's Corn N Cream,350,"Fast Food,Ice Cream",Aurangabad,CIDCO,Quick Bites,Average,3.1,4
The Mom's kitchen,350,"Chinese,North Indian",Aurangabad,CIDCO,Quick Bites,Average,3.3,15
Hotel Dream Line,800,North Indian,Aurangabad,Waluj,Casual Dining,Average,3.0,4
Rajkamal,400,Ice Cream,Aurangabad,CIDCO,Dessert Parlor,Average,3.3,7
Sweet Heart Family Restaurant,300,"North Indian,Chinese,Mughlai",Aurangabad,CIDCO,Quick Bites,Average,3.2,6
Tawa Spot,150,Chinese,Aurangabad,CIDCO,Quick Bites,Not rated,-,-
Arabian Grill BBQ,450,"North Indian,Mughlai",Aurangabad,Jaswantpura,Quick Bites,None,NEW,NEW
Majha Kolhapuri Vadapao,300,"Maharashtrian,Street Food",Aurangabad,Ulkanagari,Quick Bites,Average,2.9,4
Shakti Fast Food And Kabab Corner,400,"North Indian,Kebab",Aurangabad,CIDCO,Quick Bites,Average,2.9,8
Jai Bhawani Veg Thali,300,South Indian,Aurangabad,CIDCO,Quick Bites,Average,2.9,5
The Five Elements - The One Hotel,500,North Indian,Aurangabad,CIDCO,Casual Dining,Average,3.2,9
Hotel Shivneri,600,North Indian,Aurangabad,CIDCO,Casual Dining,Average,3.2,8
Desi Tadka,600,North Indian,Aurangabad,Waluj,Dhaba,Average,3.0,9
Oven Bake,120,"Bakery,Pizza",Aurangabad,CIDCO,Bakery,Not rated,-,-
Chination,500,Chinese,Aurangabad,CIDCO,none,Not rated,-,-
Pruthvi Bar & Restaurant,400,North Indian,Aurangabad,Nirala Bazar,Quick Bites,Average,3.2,7
Red Chilli Executive,300,Hyderabadi,Aurangabad,Jaswantpura,Quick Bites,Average,3.3,11
Sharveen Classic Inn,400,"North Indian,South Indian,Chinese",Aurangabad,Waluj,Quick Bites,Average,3.2,8
Ashoka Restaurant,250,"Fast Food,North Indian",Aurangabad,Shahgunj,Quick Bites,Not rated,-,-
Hotel New Raigad,300,Maharashtrian,Aurangabad,CIDCO,Quick Bites,Average,3.3,11
Khandeshi Tadka,300,Indian,Aurangabad,Gadia Vihar,Quick Bites,Average,3.4,10
Hotel Chaupati Veg corner,100,"Street Food,Fast Food",Aurangabad,Usmanpura,Quick Bites,None,NEW,NEW
Hotel Viraj,300,North Indian,Aurangabad,Waluj,Quick Bites,Not rated,-,-
Dalchini,200,North Indian,Aurangabad,CIDCO,Quick Bites,Not rated,-,-
Hotel Maryam Tahari House,500,"Biryani,North Indian",Aurangabad,Nirala Bazar,Casual Dining,Average,3.2,11
Hotel Krazy Corner,200,"North Indian,Chinese",Aurangabad,CIDCO,Quick Bites,None,NEW,NEW
A1 Laziz Pizza,300,Pizza,Aurangabad,Shahgunj,Quick Bites,None,NEW,NEW
Jagdamb Sandwich,200,Sandwich,Aurangabad,Usmanpura,Quick Bites,None,NEW,NEW
Bageecha Restaurant,600,"North Indian,Seafood",Aurangabad,Usmanpura,Casual Dining,Average,2.9,7
DHANAVI'S Healthy Bites,200,Healthy Food,Aurangabad,Harsul,Quick Bites,Average,3.1,4
Food Kraft,600,"North Indian,South Indian",Aurangabad,Akashwani,Casual Dining,Average,2.8,11
Crown Chinese Restaurant,250,"Chinese,Fast Food",Aurangabad,Shahgunj,Quick Bites,None,NEW,NEW
Vijay Bhoj,300,North Indian,Aurangabad,Sindhi Colony,Quick Bites,Not rated,-,-
Kelvin 77,300,"Fast Food,Ice Cream",Aurangabad,CIDCO,Dessert Parlor,Very Good,4.2,157
Trupti Fast Food,350,"Fast Food,Street Food",Aurangabad,CIDCO,Quick Bites,Good,3.9,136
Mejwani Thali,300,Indian,Aurangabad,CIDCO,Quick Bites,Very Good,4.1,60
Central Perk,150,"Burger,Cafe,Coffee,Fast Food,Finger Food,Ice Cream,Sandwich",Aurangabad,Usmanpura,Quick Bites,Very Good,4.1,152
Creamland Restaurant,600,"Continental,Burger,Fast Food,North Indian,Chinese,BBQ,Kebab",Aurangabad,Gadia Vihar,Casual Dining,Very Good,4.1,145
Indiana Red Velvet,600,"North Indian,Chinese,Italian,Continental",Aurangabad,Gadia Vihar,Casual Dining,Very Good,4.2,121
Smokin' Joe's,600,"Pizza,Fast Food",Aurangabad,Nirala Bazar,Casual Dining,Average,2.9,123
Green Leaf,750,"Chinese,North Indian",Aurangabad,CIDCO,Casual Dining,Excellent,4.8,799
The Irani Cafe,500,"Sandwich,Burger,North Indian,Mexican",Aurangabad,Nirala Bazar,Casual Dining,Good,3.5,113
Hotel Rana Veg Non Veg Restaurant,300,North Indian,Aurangabad,CIDCO,Quick Bites,Very Good,4.1,102
Dashmesh Restaurant,500,"Chinese,North Indian",Aurangabad,CIDCO,Quick Bites,Very Good,4.0,110
Sai Prasad,300,"North Indian,Chinese",Aurangabad,Sindhi Colony,Quick Bites,Excellent,4.5,352
Eatalio's,400,"Cafe,Mexican,Italian,North Indian,South Indian",Aurangabad,Usmanpura,Café,Good,3.9,108
Cone-N-Cakes,300,"Desserts,Fast Food",Aurangabad,Usmanpura,Dessert Parlor,Very Good,4.4,263
Assal Gaonkari,500,"Biryani,Maharashtrian,North Indian",Aurangabad,CIDCO,Quick Bites,Very Good,4.0,93
Prashant Family Garden Restaurant,400,"Street Food,North Indian",Aurangabad,Vedant Nagar,Casual Dining,Not rated,-,-
Sai Restaurant,400,Chinese,Aurangabad,Mondha,Casual Dining,Average,3.0,10
Hotel Yashraj,500,North Indian,Aurangabad,Gadia Vihar,Casual Dining,Average,3.3,6
Taj Hotel,400,North Indian,Aurangabad,MIDC,Casual Dining,Average,2.8,11
Bombay Chinese Fast Food Corner,200,"Chinese,Fast Food",Aurangabad,MIDC,Quick Bites,None,NEW,NEW
Bombay Wala Feriha Shawarma,200,Rolls,Aurangabad,Shahgunj,none,None,NEW,NEW
Hotel Sai Palace,1300,"Mughlai,Chinese",Aurangabad,CIDCO,Casual Dining,Average,3.2,5
KFC,400,"Burger,Fast Food",Aurangabad,Nirala Bazar,Quick Bites,None,NEW,NEW
Hotel New Royal,500,"North Indian,Chinese",Aurangabad,MIDC,Casual Dining,Average,3.3,7
Raviraj Veg & Non-Veg Restaurant,700,North Indian,Aurangabad,CIDCO,Casual Dining,Average,3.2,6
Mahalaxmi Chat Bhandar,150,Street Food,Aurangabad,CIDCO,none,Not rated,-,-
Abhiruchi,650,"North Indian,Maharashtrian",Aurangabad,Ulkanagari,Casual Dining,Average,3.3,9
Om Snacks,300,"Fast Food,North Indian",Aurangabad,Harsul,Quick Bites,Not rated,-,-
Hotel Atharwa,700,"Chinese,North Indian",Aurangabad,CIDCO,Casual Dining,Average,3.2,6
Tasty Ride,400,Fast Food,Aurangabad,CIDCO,Quick Bites,Average,3.2,6
-301°F!,300,Ice Cream,Aurangabad,Nirala Bazar,Dessert Parlor,Average,2.7,11
Delhi Chat,150,Street Food,Aurangabad,CIDCO,Quick Bites,Average,3.1,4
Tara Bakers And Restaurant,200,"Chinese,Fast Food,North Indian",Aurangabad,CIDCO,Quick Bites,Average,3.1,4
Makkhan Marke Veg Restaurant,150,"North Indian,Chinese",Aurangabad,CIDCO,none,Not rated,-,-
Angoor Bar & Garden Restaurant,440,"North Indian,Chinese",Aurangabad,CIDCO,Casual Dining,Average,2.8,5
Copains Coffee Cafe,300,Cafe,Aurangabad,Gadia Vihar,Café,Average,3.2,6
Chatpataz,400,"Street Food,Fast Food,North Indian",Aurangabad,Gadia Vihar,Quick Bites,Average,3.1,9
Sagar Juice Centre,200,Juices,Aurangabad,Sindhi Colony,none,Average,2.8,8
Lemon Green Bliss,300,"South Indian,Italian,Chinese",Aurangabad,Nirala Bazar,Quick Bites,Not rated,-,-
Krishna Leela Veg,300,"Gujarati,Rajasthani",Aurangabad,Gulmandi,Quick Bites,Average,3.0,7
Hotel Tulja Bhawani Swaraj,500,North Indian,Aurangabad,Chikalthana,Casual Dining,Average,3.2,8
Hot Box,300,North Indian,Aurangabad,Usmanpura,none,None,NEW,NEW
Sasta Pizza,200,"Pizza,Fast Food,Italian",Aurangabad,Usmanpura,none,Average,3.0,6
Hotel Maryam,350,"Biryani,North Indian",Aurangabad,Shahgunj,Quick Bites,Average,3.1,4
The Snack Shack,300,Kebab,Aurangabad,Nirala Bazar,Quick Bites,Average,3.2,5
Terrace Garden Restaurant,450,"North Indian,Fast Food",Aurangabad,Gulmandi,Quick Bites,Average,3.0,5
Spice 20 Veg Restaurant,300,North Indian,Aurangabad,CIDCO,Quick Bites,None,NEW,NEW
Surbhi's Pure Veg,200,"South Indian,North Indian",Aurangabad,Ulkanagari,Quick Bites,Not rated,-,-
Food Lover,200,Fast Food,Aurangabad,CIDCO,Quick Bites,None,NEW,NEW
Hotel Punjabi Tadka,350,North Indian,Aurangabad,Akashwani,Quick Bites,Average,3.0,4
Surbhi Family Restaurant & Bar,700,"Chinese,North Indian",Aurangabad,CIDCO,Casual Dining,Average,3.4,6
Sai Catering,200,North Indian,Aurangabad,CIDCO,Quick Bites,Not rated,-,-
Jai Bhawani Parcel Hotel,300,North Indian,Aurangabad,Waluj,Quick Bites,None,NEW,NEW
Radha Amrut Dairy,100,Mithai,Aurangabad,CIDCO,Sweet Shop,Not rated,-,-
Om Sai Bar & Restaurant,1000,"North Indian,Chinese",Aurangabad,Usmanpura,Casual Dining,Average,3.2,8
Apna Hotel,200,North Indian,Aurangabad,MIDC,none,None,NEW,NEW
Royal Tara Pan Center,150,Paan,Aurangabad,Mondha,Paan Shop,Average,2.9,5
Turban Tadka,400,North Indian,Aurangabad,Mondha,Quick Bites,Average,3.2,5
Hotel Mauli,300,North Indian,Aurangabad,Gulmandi,Quick Bites,Not rated,-,-
New Bharati,400,"North Indian,South Indian",Aurangabad,Usmanpura,Quick Bites,Average,2.9,6
New Zoom Bakers,300,Bakery,Aurangabad,Nirala Bazar,Bakery,None,NEW,NEW
Imperial Family Restaurant,400,North Indian,Aurangabad,CIDCO,Quick Bites,Average,3.1,8
Kinara Restaurant,250,"North Indian,Fast Food",Aurangabad,CIDCO,Quick Bites,Average,2.9,4
Brother's Snack Corner,250,"Fast Food,Beverages",Aurangabad,Ulkanagari,Quick Bites,Average,3.1,4
Monginis,300,"Bakery,Desserts",Aurangabad,CIDCO,Quick Bites,Average,3.2,7
Om Sai Canteen & Catering Canter,500,"North Indian,Chinese,South Indian",Aurangabad,MIDC,Quick Bites,Not rated,-,-
Singh Veg And Non Veg Restaurant,250,North Indian,Aurangabad,Usmanpura,Quick Bites,Not rated,-,-
Purnabramha Poli Bhaji Center,150,Fast Food,Aurangabad,Usmanpura,Quick Bites,Not rated,-,-
Pan Katta,50,Paan,Aurangabad,CIDCO,Paan Shop,Not rated,-,-
Mumbai Kulfi,150,Desserts,Aurangabad,Akashwani,Dessert Parlor,Average,2.9,6
Cafe Shreyas,100,Fast Food,Aurangabad,CIDCO,Quick Bites,Not rated,-,-
Veg Baker's,400,Bakery,Aurangabad,Harsul,Bakery,Average,3.1,5
Friends Chinese Fast Food Center,300,"North Indian,Chinese",Aurangabad,CIDCO,Quick Bites,Not rated,-,-
Spicy China,200,Chinese,Aurangabad,Harsul,none,Not rated,-,-
Swad Family Restaurant,300,North Indian,Aurangabad,Gulmandi,Quick Bites,None,NEW,NEW
Hotel New Taj Restaurant,300,North Indian,Aurangabad,CIDCO,Quick Bites,Not rated,-,-
Khushi Sandwich Center,300,"Fast Food,Sandwich",Aurangabad,CIDCO,Quick Bites,Not rated,-,-
New Shalimar Family Restaurant,500,"North Indian,South Indian,Chinese",Aurangabad,CIDCO,Casual Dining,None,NEW,NEW
Green Apple Fast Food,200,Fast Food,Aurangabad,Chikalthana,none,Average,3.1,5
Hotel Rajwardhan,250,North Indian,Aurangabad,Ulkanagari,Quick Bites,None,NEW,NEW
Indian Restaurant,200,North Indian,Aurangabad,Gulmandi,none,Not rated,-,-
Hotel Amrapali,800,"North Indian,Chinese",Aurangabad,Sindhi Colony,Casual Dining,Not rated,-,-
Lajawab Dum Biryani,300,Biryani,Aurangabad,Gadia Vihar,Quick Bites,Average,2.8,6
Hotel Spice N Ice,250,"Chinese,South Indian,Street Food",Aurangabad,CIDCO,Quick Bites,Average,3.2,5
Royal Tea House and Khanawal,200,North Indian,Aurangabad,MIDC,Quick Bites,Not rated,-,-
Hotel Pancham,600,"Chinese,North Indian,Fast Food",Aurangabad,Akashwani,Quick Bites,Average,3.1,6
Saffroon Fastfood & Cafe,200,Fast Food,Aurangabad,Ulkanagari,none,Not rated,-,-
Hotel Shravani Pure Veg Rstaurant,200,North Indian,Aurangabad,Harsul,Quick Bites,Average,3.2,5
Anushka Chinese & Fast Food Center,200,Chinese,Aurangabad,Gadia Vihar,Quick Bites,None,NEW,NEW
Cafe Hot N Cold,200,Fast Food,Aurangabad,Chikalthana,Quick Bites,Not rated,-,-
Snowfield Pav Bhaji,300,Fast Food,Aurangabad,Sindhi Colony,Quick Bites,Average,2.8,6
Tulsi,500,"Chinese,North Indian",Aurangabad,CIDCO,Quick Bites,Not rated,-,-
Cafe Hidden Place,300,Fast Food,Aurangabad,CIDCO,Quick Bites,Not rated,-,-
Top N Town,300,Fast Food,Aurangabad,Usmanpura,Quick Bites,Not rated,-,-
Facebhook,400,Fast Food,Aurangabad,Gadia Vihar,Quick Bites,Average,3.1,5
Jalaram Foods,100,Fast Food,Aurangabad,Mondha,Quick Bites,Not rated,-,-
Hotel Yogesh Nisarg Family Restaurant,300,"Indian,Chinese",Aurangabad,Chikalthana,Quick Bites,Not rated,-,-
Pate Pooja,100,Street Food,Aurangabad,CIDCO,Quick Bites,Not rated,-,-
Hotel Shree Saiprasad,300,North Indian,Aurangabad,Nirala Bazar,Quick Bites,None,NEW,NEW
Sawariya Pav Bhaji Center,100,"North Indian,Fast Food",Aurangabad,CIDCO,Quick Bites,None,NEW,NEW
Mariya Juice Center,150,"Juices,Beverages",Aurangabad,MIDC,Beverage Shop,Not rated,-,-
The Royal Biryani,200,"Biryani,North Indian",Aurangabad,Nirala Bazar,Quick Bites,Not rated,-,-
Cafe Sips & Bites,400,"Burger,Fast Food",Aurangabad,Gadia Vihar,Quick Bites,Average,3.0,4
Hotel Mitkar,600,"North Indian,Chinese",Aurangabad,Nirala Bazar,Casual Dining,Not rated,-,-
Hotel Rajkamal,400,North Indian,Aurangabad,CIDCO,Quick Bites,Not rated,-,-
Classio Resto,300,"North Indian,Chinese,South Indian,Beverages",Aurangabad,Nyay Nagar,Quick Bites,None,NEW,NEW
Hotel Shree Krishna,350,"North Indian,Chinese",Aurangabad,Nirala Bazar,Casual Dining,Not rated,-,-
Hotel Yash Restaurant,300,"North Indian,Fast Food",Aurangabad,CIDCO,Quick Bites,Not rated,-,-
Indian Naturals,800,"Fast Food,Desserts",Aurangabad,CIDCO,Casual Dining,None,NEW,NEW
Hotel Sai Veg & Non Veg Restaurant,300,Maharashtrian,Aurangabad,CIDCO,Quick Bites,Average,2.9,4
Swad Pav Bhaji & Chinese Corner,200,"Fast Food,Chinese,North Indian",Aurangabad,Gadia Vihar,Quick Bites,Not rated,-,-
Food Express- The Skycourt Hotel,400,"North Indian,South Indian,Continental",Aurangabad,The Skycourt Hotel,none,Not rated,-,-
Hotel Galaxy,300,Fast Food,Aurangabad,Sindhi Colony,Quick Bites,Average,3.0,4
Hotel Angan,700,"North Indian,Chinese",Aurangabad,Usmanpura,Casual Dining,Average,3.2,5
Hotel Bapus,300,Maharashtrian,Aurangabad,Sindhi Colony,Quick Bites,Not rated,-,-
Hotel Royal Palace,500,North Indian,Aurangabad,Sindhi Colony,Casual Dining,Not rated,-,-
Hotel Dwarka,400,North Indian,Aurangabad,MIDC,Casual Dining,Not rated,-,-
Puneri Swad,100,Fast Food,Aurangabad,CIDCO,Quick Bites,Not rated,-,-
Hotel Wine Bar & Restaurant,200,"Fast Food,North Indian,Biryani",Aurangabad,CIDCO,Bar,Not rated,-,-
Hotel Prince,500,"North Indian,Fast Food",Aurangabad,CIDCO,Bar,None,NEW,NEW
New City Chinese Centre,200,"Chinese,Fast Food",Aurangabad,CIDCO,Quick Bites,Average,3.0,4
Tara Bikaner Sweets and Bakers,300,"Mithai,Bakery",Aurangabad,CIDCO,Sweet Shop,Not rated,-,-
Hotel Swagat Maratha,200,Maharashtrian,Aurangabad,Usmanpura,Quick Bites,Average,2.9,4
Scoopy Doo,250,"Ice Cream,Desserts",Aurangabad,Sindhi Colony,Dessert Parlor,Not rated,-,-
Navab's,500,Mughlai,Aurangabad,CIDCO,none,Not rated,-,-
Mini Taj Family Restaurant,800,"Chinese,Mughlai,North Indian",Aurangabad,Shahgunj,Casual Dining,Average,3.1,4
Rock Sea,500,"North Indian,South Indian",Aurangabad,CIDCO,Quick Bites,Average,3.0,4
Asif Jah Dhaba,400,North Indian,Aurangabad,Waluj,Quick Bites,Not rated,-,-
Hotel Green,200,North Indian,Aurangabad,Usmanpura,Quick Bites,Not rated,-,-
Fresh Cake Bakers,250,Bakery,Aurangabad,Sindhi Colony,none,Not rated,-,-
Googly Restaurant,300,North Indian,Aurangabad,CIDCO,Casual Dining,Not rated,-,-
Hotel Om Sai Lila,500,"North Indian,Chinese",Aurangabad,Shahgunj,Casual Dining,Not rated,-,-
Paratha Point,100,North Indian,Aurangabad,CIDCO,Quick Bites,Not rated,-,-
Sethi's,600,"North Indian,Hyderabadi",Aurangabad,CIDCO,none,Not rated,-,-
Hotel Vijay Maratha,200,"North Indian,Biryani,Desserts",Aurangabad,Gadia Vihar,Quick Bites,Not rated,-,-
Red Chilly's Chinese Corner,200,"Chinese,Fast Food",Aurangabad,MIDC,none,Not rated,-,-
Dalchini Cafe & Resto,350,"North Indian,South Indian,Chinese",Aurangabad,CIDCO,Quick Bites,None,NEW,NEW
Garden Court,400,North Indian,Aurangabad,Gadia Vihar,Quick Bites,Not rated,-,-
VIP Punjab Hotel,500,North Indian,Aurangabad,Akashwani,Casual Dining,Not rated,-,-
Hotel Varad 7/12,500,"North Indian,Maharashtrian",Aurangabad,CIDCO,Quick Bites,None,NEW,NEW
Maetree Mess and Hotel,150,North Indian,Aurangabad,Usmanpura,Quick Bites,Not rated,-,-
Gogola,60,Desserts,Aurangabad,CIDCO,Dessert Parlor,Not rated,-,-
Hotel Vrindha,450,"Chinese,North Indian,South Indian",Aurangabad,Sindhi Colony,Quick Bites,Not rated,-,-
Anand Palace,350,North Indian,Aurangabad,CIDCO,Casual Dining,Not rated,-,-
Wazwan Restaurant,100,North Indian,Aurangabad,CIDCO,Quick Bites,None,NEW,NEW
Swad Pan Shop,100,Paan,Aurangabad,Ulkanagari,Paan Shop,None,NEW,NEW
Hotel Kanta Fast Food,200,Fast Food,Aurangabad,CIDCO,none,Not rated,-,-
Funky Thela,150,Beverages,Aurangabad,CIDCO,Quick Bites,Not rated,-,-
Hotel Maithili,250,"North Indian,Chinese,Beverages",Aurangabad,Mukundwadi,Quick Bites,Not rated,-,-
Pankajkumar and Sons,150,Bakery,Aurangabad,Ulkanagari,Bakery,Not rated,-,-
Kohinoor Dum Biryani & Kabab,300,"Biryani,Kebab",Aurangabad,Harsul,none,Not rated,-,-
Mezbaan Family Garden Restaurant,300,North Indian,Aurangabad,Waluj,Quick Bites,None,NEW,NEW
Hotel Rubee Gardan Restaurant,250,North Indian,Aurangabad,Usmanpura,Casual Dining,Not rated,-,-
Hotel Red Stone,250,Fast Food,Aurangabad,CIDCO,Quick Bites,Not rated,-,-
Shri Sai Tasty - Baba VadaPav,200,Fast Food,Aurangabad,CIDCO,Quick Bites,Not rated,-,-
Ansh Dhaba Cafe,200,Fast Food,Aurangabad,Harsul,Quick Bites,Not rated,-,-
Anjali Veg Restaurant,200,North Indian,Aurangabad,Chikalthana,Quick Bites,Not rated,-,-
Dhaba Junction,450,"North Indian,Chinese,Fast Food",Aurangabad,Mukundwadi,Dhaba,None,NEW,NEW
"The Common Man Restaurant,",500,"Chinese,North Indian,South Indian",Aurangabad,Sindhi Colony,Quick Bites,Not rated,-,-
Ajanta Restaurant,800,"North Indian,Chinese",Aurangabad,CIDCO,Casual Dining,Not rated,-,-
Sai Restaurant Bar & Lodging,600,"North Indian,Chinese",Aurangabad,Waluj,Casual Dining,Not rated,-,-
Mayur Mewad,400,North Indian,Aurangabad,CIDCO,Quick Bites,Not rated,-,-
Hotel Himalaya,600,"North Indian,Chinese",Aurangabad,Gadia Vihar,Casual Dining,Not rated,-,-
Sai Surya Restro,500,Indian,Aurangabad,Usmanpura,Quick Bites,Not rated,-,-
Yaba Pan Shop,100,Paan,Aurangabad,CIDCO,Paan Shop,None,NEW,NEW
Koyla,500,"Biryani,Fast Food",Aurangabad,Ulkanagari,Quick Bites,Good,3.5,131
Falahaar,400,"Fast Food,Sandwich",Aurangabad,CIDCO,Quick Bites,Good,3.8,100
Flames Restaurant,300,"North Indian,Chinese",Aurangabad,CIDCO,Casual Dining,Very Good,4.1,131
Sai Prasad Pure Veg Restaurant,250,"Maharashtrian,North Indian",Aurangabad,CIDCO,Quick Bites,Good,3.7,69
Marrakesh,700,"Lebanese,Mediterranean,Mughlai",Aurangabad,CIDCO,Casual Dining,Good,3.7,129
Siddhi Restaurant,500,"North Indian,Chinese",Aurangabad,CIDCO,Casual Dining,Very Good,4.0,140
Shan-e-Punjab,450,North Indian,Aurangabad,Mondha,Casual Dining,Good,3.9,108
Malabar Specialized Biryani,250,"Biryani,Kebab,Rolls",Aurangabad,Mondha,Quick Bites,Good,3.7,38
Naivedya,500,North Indian,Aurangabad,CIDCO,Casual Dining,Very Good,4.2,281
Tastation,350,"Fast Food,Pizza",Aurangabad,CIDCO,Quick Bites,Good,3.9,94
Shahenaz,500,"North Indian,Mughlai,Kebab,Chinese,Seafood",Aurangabad,CIDCO,Quick Bites,Good,3.5,100
Bhalla Chat Centre,150,Street Food,Aurangabad,Shahgunj,Quick Bites,Good,3.9,88
Swad Restaurant,400,North Indian,Aurangabad,Usmanpura,Quick Bites,Good,3.7,131
Hotel Janta Darbar,500,"North Indian,Chinese",Aurangabad,MIDC,Casual Dining,Good,3.8,71
Café Woodies,400,"Cafe,Bakery",Aurangabad,Usmanpura,Café,Very Good,4.0,157
Hotel Anand Palace,500,North Indian,Aurangabad,CIDCO,Quick Bites,Not rated,-,-
Fill & Chill,500,"North Indian,Chinese,Continental",Aurangabad,Hotel Green Olive-- Nirala Bazar,Casual Dining,Not rated,-,-
Delhi Food Factory,700,North Indian,Aurangabad,CIDCO,none,Not rated,-,-
Jay Babaji Bhojnalaya,200,North Indian,Aurangabad,CIDCO,Quick Bites,None,NEW,NEW
Tillus Touch,200,"North Indian,Chinese",Aurangabad,MIDC,Quick Bites,Not rated,-,-
Sai Fast Food,150,"Chinese,Fast Food",Aurangabad,CIDCO,Quick Bites,Not rated,-,-
Hotel Torana,300,Maharashtrian,Aurangabad,CIDCO,Quick Bites,Not rated,-,-
Hotel Aditi Pure Veg,200,"North Indian,Fast Food",Aurangabad,CIDCO,none,Not rated,-,-
Sky Line,350,"North Indian,South Indian,Fast Food,Chinese",Aurangabad,Nirala Bazar,Quick Bites,Not rated,-,-
Guzzlers,1000,"North Indian,Asian,Italian,Continental,Beverages",Aurangabad,Nirala Bazar,Casual Dining,None,NEW,NEW
The Yellow Chef,400,Fast Food,Aurangabad,Nirala Bazar,Quick Bites,None,NEW,NEW
Chawla's 2 online.com,400,"Chinese,North Indian,Mughlai",Aurangabad,CIDCO,none,Not rated,-,-
Hotel Regal Plaza,600,"North Indian,Maharashtrian,Chinese",Aurangabad,MIDC,Casual Dining,Not rated,-,-
Food Singh,500,Awadhi,Aurangabad,CIDCO,none,Not rated,-,-
Aditya Restaurant,500,North Indian,Aurangabad,Sindhi Colony,Casual Dining,Not rated,-,-
Pari Fast Food,300,Fast Food,Aurangabad,CIDCO,Quick Bites,None,NEW,NEW
Krishna Tea Bhojanalay,250,North Indian,Aurangabad,CIDCO,Bhojanalya,Not rated,-,-
Mr & Mrs Biryani,250,Biryani,Aurangabad,CIDCO,none,None,NEW,NEW
The Good Stuff,200,"Ice Cream,Desserts",Aurangabad,Mondha,Dessert Parlor,Not rated,-,-
Navnath Veg Restaurant,500,"South Indian,Indian,Maharashtrian",Aurangabad,CIDCO,Casual Dining,Not rated,-,-
Indian Tawa Spot,150,Chinese,Aurangabad,CIDCO,Quick Bites,None,NEW,NEW
Hotel Al-Sadaf,300,North Indian,Aurangabad,CIDCO,Quick Bites,None,NEW,NEW
Mahalaxmi Idly Wada Dosa South Centre,300,"South Indian,Street Food",Aurangabad,CIDCO,Quick Bites,None,NEW,NEW
Hot Spot Chinese Corner,150,"Chinese,Fast Food",Aurangabad,CIDCO,Quick Bites,Not rated,-,-
Hotel Shivshahi Family Restaurant,400,Maharashtrian,Aurangabad,Chikalthana,Casual Dining,Not rated,-,-
Hotel Waradi That,400,"North Indian,Maharashtrian,Chinese",Aurangabad,CIDCO,Quick Bites,None,NEW,NEW
Annapurna Bhojanalya,150,"North Indian,Fast Food",Aurangabad,CIDCO,Bhojanalya,Not rated,-,-
Hotel K.B.C,300,"North Indian,Chinese",Aurangabad,Gadia Vihar,Quick Bites,None,NEW,NEW
Hotel Wood Leaf Veg Restaurant,200,"North Indian,Chinese",Aurangabad,Chikalthana,Quick Bites,None,NEW,NEW
A1 Dhaba,300,"North Indian,Continental,Beverages",Aurangabad,Waluj,Quick Bites,None,NEW,NEW
Hotel Samadhan,700,"North Indian,Maharashtrian,Chinese",Aurangabad,Chikalthana,Casual Dining,None,NEW,NEW
Hotel Swaraj Family Garden Restaurant,350,"North Indian,Chinese",Aurangabad,Chikalthana,Quick Bites,None,NEW,NEW
Heart Of Flavour,200,Bakery,Aurangabad,MIDC,none,Not rated,-,-
Antarang Family Garden Restaurant,500,"Modern Indian,Maharashtrian,BBQ,Asian",Aurangabad,Chikalthana,Casual Dining,None,NEW,NEW
The Sea Land,350,"Seafood,North Indian",Aurangabad,MIDC,Food Court,Not rated,-,-
Pakwan Family Restaurant,350,"Biryani,North Indian,Mughlai",Aurangabad,CIDCO,Quick Bites,None,NEW,NEW
Hotel Sai Krupa,500,"Modern Indian,Maharashtrian",Aurangabad,Chikalthana,Casual Dining,None,NEW,NEW
Friends Veg Chinese,200,"Chinese,Fast Food",Aurangabad,Ulkanagari,Quick Bites,None,NEW,NEW
Shawarma King Adil Feel In Saudi,200,"Lebanese,Fast Food",Aurangabad,Shahgunj,Quick Bites,None,NEW,NEW
Hotel Tuljai,400,Maharashtrian,Aurangabad,CIDCO,Quick Bites,None,NEW,NEW
Hotel Suramai,250,"North Indian,Seafood",Aurangabad,Waluj,Quick Bites,None,NEW,NEW
Jai Bhawani Dhaba,200,Maharashtrian,Aurangabad,MIDC,Quick Bites,None,NEW,NEW
Sagy's Restaurant,400,"Fast Food,Maharashtrian",Aurangabad,Ulkanagari,Quick Bites,Not rated,-,-
Food Planet,300,Fast Food,Aurangabad,CIDCO,none,None,NEW,NEW
Hotel New Jagdamba,400,Maharashtrian,Aurangabad,Chikalthana,Quick Bites,None,NEW,NEW
Giner Hotel,800,"North Indian,Chinese,Mughlai",Aurangabad,MIDC,Casual Dining,Not rated,-,-
Kake Ka Hotel,400,North Indian,Aurangabad,CIDCO,none,None,NEW,NEW
Chinese Grill,300,Chinese,Aurangabad,Shahgunj,Quick Bites,None,NEW,NEW
Shahi Darbar,250,"Biryani,Chinese,North Indian",Aurangabad,Jaswantpura,Quick Bites,None,NEW,NEW
Chatak Matak,200,Maharashtrian,Aurangabad,Usmanpura,Quick Bites,None,NEW,NEW
Aai Saheb,100,Street Food,Aurangabad,Gadia Vihar,Quick Bites,Not rated,-,-
Hotel Tarang,500,"North Indian,Maharashtrian",Aurangabad,MIDC,Quick Bites,None,NEW,NEW
Hotel A R D,250,"North Indian,Chinese",Aurangabad,Mukundwadi,Quick Bites,Not rated,-,-
Hotel Godavari,400,North Indian,Aurangabad,Gadia Vihar,Casual Dining,Not rated,-,-
Yaadgar Fast Food Centre,300,"North Indian,Fast Food",Aurangabad,Usmanpura,Quick Bites,None,NEW,NEW
Hotel Khandesh Tadka,300,"Chinese,Fast Food",Aurangabad,CIDCO,Quick Bites,None,NEW,NEW
Antrang Family Garden Restaurant,600,"North Indian,Maharashtrian",Aurangabad,Usmanpura,Casual Dining,None,NEW,NEW
Jai Bhawani Snacks Corner,200,"Fast Food,North Indian",Aurangabad,Waluj,Quick Bites,None,NEW,NEW
New Welcome Chinese Fast Food and Restaurant,250,"Chinese,Biryani",Aurangabad,Mondha,Quick Bites,None,NEW,NEW
Hotel Lakhan,700,"North Indian,Chinese",Aurangabad,Gulmandi,Casual Dining,Not rated,-,-
Fresh Chinese Corner,200,"Chinese,North Indian",Aurangabad,Gulmandi,Quick Bites,None,NEW,NEW
Labela Hotel,200,"North Indian,Hyderabadi",Aurangabad,Nirala Bazar,Quick Bites,Not rated,-,-
Joytimes,400,"North Indian,Chinese",Aurangabad,Nirala Bazar,Casual Dining,Not rated,-,-
Raisina Family Restaurant & Cafeteria,300,Indian,Aurangabad,Nyay Nagar,Quick Bites,Not rated,-,-
Hotel Avon International,500,"North Indian,Chinese,Maharashtrian",Aurangabad,Mukundwadi,Casual Dining,None,NEW,NEW
Hotel Maitri,300,"Chinese,Indian",Aurangabad,MIDC,Quick Bites,Not rated,-,-
Sainath Pure Veg,300,North Indian,Aurangabad,Nyay Nagar,Quick Bites,None,NEW,NEW
Sahara Family Restaurant,0,"North Indian,Chinese",Aurangabad,CIDCO,Quick Bites,None,NEW,NEW
Hotel Jalgaon Bharit Centre,350,North Indian,Aurangabad,CIDCO,Quick Bites,Very Good,4.1,88
Coffee & Cookies,400,Cafe,Aurangabad,CIDCO,Café,Good,3.8,134
Blue Cilantro - Keys Select Hotel,800,"North Indian,Chinese,Italian,Continental",Aurangabad,Hotel Keys The Aures-- Vedant Nagar,Casual Dining,Very Good,4.1,76
Samosa Express,350,Fast Food,Aurangabad,Nirala Bazar,Quick Bites,Good,3.9,125
Laziz Pizza,350,"Fast Food,Pizza",Aurangabad,Gadia Vihar,Quick Bites,Good,3.7,166
Lalaji's,350,"Chinese,Indian",Aurangabad,Nirala Bazar,Quick Bites,Average,3.4,114
Dera Punjab,450,"Mughlai,Chinese,North Indian",Aurangabad,Usmanpura,Casual Dining,Good,3.7,143
Restro7,400,Fast Food,Aurangabad,MIDC,Quick Bites,Good,3.6,64
Softy Corner,200,"Ice Cream,Desserts",Aurangabad,Nirala Bazar,Dessert Parlor,Very Good,4.1,86
Cafe Coffee Day,400,Cafe,Aurangabad,Usmanpura,Café,Good,3.7,92
Tandoor Restaurant & Bar,900,"North Indian,Chinese",Aurangabad,Usmanpura,Casual Dining,Very Good,4.0,98
Sindh Punjab Fine Dine,600,North Indian,Aurangabad,MIDC,Casual Dining,Good,3.9,99
The Hyde-out Cafe,1200,Cafe,Aurangabad,Akashwani,Café,Good,3.6,101
Cafe Ninety9,350,"Cafe,Chinese,Italian,Fast Food",Aurangabad,Ulkanagari,Café,Very Good,4.1,113
Kareem's Kabab & Biryani,650,"Mughlai,Biryani",Aurangabad,Chikalthana,Casual Dining,Good,3.5,54
Goli Vada Pav,200,Street Food,Aurangabad,Usmanpura,Quick Bites,Good,3.5,144
National Hyderabadi Dum Biryani,250,"Biryani,North Indian",Aurangabad,Shahgunj,Quick Bites,Good,3.9,77
Udupi Shrikrishna Veg Restaurant,200,North Indian,Aurangabad,Nyay Nagar,Quick Bites,Very Good,4.0,51
New Maratha Hotel,600,"North Indian,Maharashtrian",Aurangabad,Gulmandi,Casual Dining,Very Good,4.1,132
Sai Panchavati Pav Bhaji and Pulav Center,250,Street Food,Aurangabad,Sindhi Colony,Quick Bites,Good,3.9,68
Chinese Corner,500,Chinese,Aurangabad,Nirala Bazar,Quick Bites,Very Good,4.0,103
Baker's Lounge,500,"Italian,Continental,Fast Food",Aurangabad,CIDCO,Casual Dining,Average,3.0,87
KA Lounge,1200,"North Indian,Continental",Aurangabad,Akashwani,Lounge,Very Good,4.0,85
Devpriya Veg Restaurant,400,"South Indian,North Indian,Chinese",Aurangabad,Nirala Bazar,Casual Dining,Good,3.9,71
Revelry The Cake House,350,Desserts,Aurangabad,Nirala Bazar,Quick Bites,Very Good,4.0,85
YumWich,350,"Fast Food,Beverages",Aurangabad,CIDCO,Quick Bites,Very Good,4.3,98
Yo-China Chinese Fast Food,300,Chinese,Aurangabad,Nirala Bazar,Casual Dining,Good,3.6,46
Aaswad Pure Veg,350,"North Indian,Fast Food,Maharashtrian",Aurangabad,Nirala Bazar,Casual Dining,Good,3.9,78
Kozy Fine Dine,800,"North Indian,Chinese",Aurangabad,Usmanpura,Casual Dining,Very Good,4.0,89
Angeethi Restaurant,600,"North Indian,Chinese",Aurangabad,CIDCO,Casual Dining,Good,3.9,103
Cafe Bakers,300,"Bakery,Fast Food,Pizza",Aurangabad,CIDCO,Bakery,Good,3.8,50
Cream Stone,400,"Desserts,Beverages",Aurangabad,Chikalthana,Dessert Parlor,Very Good,4.1,65
Bombay A1 Tawa Spot,500,"North Indian,Chinese",Aurangabad,Chikalthana,Casual Dining,Good,3.7,41
Cake N Bake,200,"Bakery,Cafe",Aurangabad,Usmanpura,Quick Bites,Good,3.5,59
M.R. Khaliya House,200,Biryani,Aurangabad,Jaswantpura,Casual Dining,Good,3.9,47
Monginis,200,"Bakery,Desserts",Aurangabad,Nirala Bazar,Bakery,Good,3.6,106
Cafe Creme,300,Desserts,Aurangabad,CIDCO,Dessert Parlor,Good,3.8,70
Sai Panchvati,450,North Indian,Aurangabad,Sindhi Colony,Casual Dining,Good,3.8,83
Krishna Chat House,100,Fast Food,Aurangabad,Akashwani,none,Good,3.8,39
Balle Balle - Hotel Manor,800,North Indian,Aurangabad,Hotel Manor-- Usmanpura,Casual Dining,Very Good,4.1,92
Mazaali Biryani,300,"North Indian,Biryani",Aurangabad,Ulkanagari,Quick Bites,Good,3.8,32
Dairy Don,200,"Desserts,Ice Cream",Aurangabad,Ulkanagari,Dessert Parlor,Very Good,4.0,32
Shail Stock Exchange Bar,400,"Cafe,Fast Food",Aurangabad,Usmanpura,Café,Good,3.9,66
Mokoholic 2.0 Juice Bar & Café,300,"Desserts,Juices",Aurangabad,CIDCO,Dessert Parlor,Average,3.1,69
Hotel Maratha,600,"Maharashtrian,North Indian",Aurangabad,CIDCO,Casual Dining,Average,2.8,67
Shake N Bites,150,"Beverages,Cafe",Aurangabad,Prozone Mall-- Chicalthana,Beverage Shop,Good,3.6,72
Lokmanya's South Indian Cafe,200,South Indian,Aurangabad,CIDCO,Quick Bites,Good,3.8,59
Crazy Bite,400,"Chinese,North Indian",Aurangabad,CIDCO,Casual Dining,Average,2.6,60
Shree Aayojan's Idli Stop,200,South Indian,Aurangabad,CIDCO,Quick Bites,Very Good,4.0,64
Cafe Royal De,350,"Fast Food,Desserts,Beverages",Aurangabad,MIDC,Quick Bites,Good,3.8,48
Lake View Restaurant and Cafe,500,"North Indian,Fast Food",Aurangabad,CIDCO,Casual Dining,Good,3.9,48
Kareem's Chinese,650,"Chinese,Momos",Aurangabad,Prozone Mall-- Chicalthana,Casual Dining,Good,3.6,54
Gurukrupa Fast Food Center,200,"Chinese,Street Food",Aurangabad,Gadia Vihar,Quick Bites,Good,3.8,30
Zabis Ismail Restaurant,300,"North Indian,Fast Food,Beverages",Aurangabad,Shahgunj,Quick Bites,Good,3.9,35
The Cake Factory,250,"Bakery,Desserts",Aurangabad,Sindhi Colony,Bakery,Good,3.5,14
Right Choice Juice Centre,100,Juices,Aurangabad,Gadia Vihar,Beverage Shop,Good,3.8,26
Hotel Shivneri,300,"North Indian,Chinese",Aurangabad,Ulkanagari,Quick Bites,Good,3.9,55
Pulav,300,"South Indian,North Indian",Aurangabad,Ulkanagari,Quick Bites,Very Good,4.0,59
Moghlai Biryani House,300,"Biryani,Kebab",Aurangabad,Nirala Bazar,Quick Bites,Good,3.8,51
Indian Aroma,300,North Indian,Aurangabad,Usmanpura,Quick Bites,Good,3.8,46
